lncRNA_ID,identifier
l1110008P14Rik,1110008P14Rik
l1110017D15Rik,1110017D15Rik
l1110032A03Rik,1110032A03Rik
l1110059E24Rik,1110059E24Rik
l1110065P20Rik,1110065P20Rik
l1520401A03Rik,1520401A03Rik
l1700008O03Rik,1700008O03Rik
l1700022A21Rik,1700022A21Rik
l1700025G04Rik,1700025G04Rik
l1700030K09Rik,1700030K09Rik
l1700037H04Rik,1700037H04Rik
l1700040E09Rik,1700040E09Rik
lCcdc170,Ccdc170
l1700057G04Rik,1700057G04Rik
l1700069L16Rik,1700069L16Rik
l1700085D07Rik,1700085D07Rik
l1700112D23Rik,1700112D23Rik
l2200002D01Rik,2200002D01Rik
l2610301B20Rik,2610301B20Rik
l2610507B11Rik,2610507B11Rik
l2700099C18Rik,2700099C18Rik
l3110009E18Rik,3110009E18Rik
l3300002I08Rik,3300002I08Rik
l4632427E13Rik,4632427E13Rik
l4831440D22Rik,4831440D22Rik
l4930414F18Rik,4930414F18Rik
l4930453N24Rik,4930453N24Rik
l4930458A03Rik,4930458A03Rik
l4930533I22Rik,4930533I22Rik
l4930543N07Rik,4930543N07Rik
l4930567K12Rik,4930567K12Rik
l4931406P16Rik,4931406P16Rik
l4931407E12Rik,4931407E12Rik
l4932438A13Rik,4932438A13Rik
l4933427D14Rik,4933427D14Rik
l4933434E20Rik,4933434E20Rik
l5830417I10Rik,5830417I10Rik
l5830418P13Rik,5830418P13Rik
l6430550D23Rik,6430550D23Rik
l9030622O22Rik,9030622O22Rik
l9130204K15Rik,9130204K15Rik
l9230020A06Rik,9230020A06Rik
l9430015G10Rik,9430015G10Rik
l9430038I01Rik,9430038I01Rik
l9530068E07Rik,9530068E07Rik
l9630028B13Rik,9630028B13Rik
l9930104L06Rik,9930104L06Rik
lA230098N10Rik,A230098N10Rik
lA430010J10Rik,A430010J10Rik
lA630001G21Rik,A630001G21Rik
lA930007A09Rik,A930007A09Rik
lAacs,Aacs
lAak1,Aak1
lAamdc,Aamdc
lAasdh,Aasdh
lAatf,Aatf
lAbca16,Abca16
lAbca2,Abca2
lAbca3,Abca3
lAbca4,Abca4
lAbca5,Abca5
lAbca8a,Abca8a
lAbcb1a,Abcb1a
lAbcb7,Abcb7
lAbcc1,Abcc1
lAbcc10,Abcc10
lAbcc2,Abcc2
lAbcg2,Abcg2
lAbhd11,Abhd11
lAbhd17c,Abhd17c
lAbhd5,Abhd5
lAbi1,Abi1
lAblim2,Ablim2
lAbr,Abr
lAbtb2,Abtb2
lAC156021.1,AC156021.1
lAcacb,Acacb
lAcad8,Acad8
lAcadm,Acadm
lAcadsb,Acadsb
lAcap3,Acap3
lAcat1,Acat1
lAcbd4,Acbd4
lAcbd6,Acbd6
lAccsl,Accsl
lAcin1,Acin1
lAcly,Acly
lAco1,Aco1
lAco2,Aco2
lAcot7,Acot7
lAcp6,Acp6
lAcpp,Acpp
lAcrbp,Acrbp
lAcsf2,Acsf2
lAcsl1,Acsl1
lAcsl4,Acsl4
lAcss2,Acss2
lAcss3,Acss3
lActg1,Actg1
lActl6a,Actl6a
lActn4,Actn4
lActr2,Actr2
lAdal,Adal
lAdam10,Adam10
lAdam11,Adam11
lAdam12,Adam12
lAdam15,Adam15
lItgb1bp1,Itgb1bp1
lAdam19,Adam19
lAdam23,Adam23
lAdam32,Adam32
lAdam5,Adam5
lAdamts17,Adamts17
lAdamts2,Adamts2
lAdamtsl1,Adamtsl1
lAdap1,Adap1
lAdar,Adar
lAdarb1,Adarb1
lAdck2,Adck2
lAdd1,Add1
lAdh5,Adh5
lAdi1,Adi1
lAdipor1,Adipor1
lAdprhl2,Adprhl2
lAdprm,Adprm
lAdsl,Adsl
lAdss,Adss
lAebp2,Aebp2
lAen,Aen
lAF357425,AF357425
lAfap1,Afap1
lAff1,Aff1
lAff4,Aff4
lAfmid,Afmid
lAftph,Aftph
lAgbl4,Agbl4
lAgmo,Agmo
lAgo3,Ago3
lAgpat3,Agpat3
lAgpat4,Agpat4
lAgps,Agps
lAhctf1,Ahctf1
lAhcyl2,Ahcyl2
lAhr,Ahr
lAhsa2,Ahsa2
lAI854703,AI854703
lAif1l,Aif1l
lAifm1,Aifm1
lAifm2,Aifm2
lAig1,Aig1
lAip,Aip
lAire,Aire
lAk2,Ak2
lAkap13,Akap13
lAkap9,Akap9
lAkip1,Akip1
lAkirin2,Akirin2
lAkr1a1,Akr1a1
lAkr1b3,Akr1b3
lAkt1,Akt1
lAkt2,Akt2
lAktip,Aktip
lAlcam,Alcam
lAldh4a1,Aldh4a1
lAlg1,Alg1
lAlg11,Alg11
lAlg2,Alg2
lAlg3,Alg3
lAlg8,Alg8
lAlg9,Alg9
lAlkbh2,Alkbh2
lAlkbh3,Alkbh3
lAlms1-ps2,Alms1-ps2
lAlpk1,Alpk1
lAlpl,Alpl
lAls2cl,Als2cl
lAlyref,Alyref
lAmbra1,Ambra1
lAmdhd2,Amdhd2
lAmelx,Amelx
lAmfr,Amfr
lAmotl1,Amotl1
lAmotl2,Amotl2
lAmt,Amt
lAmz2,Amz2
lAnapc1,Anapc1
lAnapc11,Anapc11
lAnapc15,Anapc15
lAnapc16,Anapc16
lAngptl3,Angptl3
lAnk1,Ank1
lAnk3,Ank3
lAnkfy1,Ankfy1
lAnkhd1,Ankhd1
lAnkrd50,Ankrd50
lAnks1b,Anks1b
lAnp32a,Anp32a
lAox4,Aox4
lAp1b1,Ap1b1
lAp1g1,Ap1g1
lAp2m1,Ap2m1
lAp3m1,Ap3m1
lAp4e1,Ap4e1
lAp4m1,Ap4m1
lAp5s1,Ap5s1
lApbb2,Apbb2
lApc,Apc
lApex2,Apex2
lApmap,Apmap
lApobec1,Apobec1
lApobec3,Apobec3
lApod,Apod
lApol6,Apol6
lApol7b,Apol7b
lAppl1,Appl1
lAptx,Aptx
lAqr,Aqr
lArap1,Arap1
lArf2,Arf2
lArf3,Arf3
lArf4,Arf4
lArfgap1,Arfgap1
lArfgap2,Arfgap2
lArfgef1,Arfgef1
lArfip1,Arfip1
lArfip2,Arfip2
lArhgap1,Arhgap1
lArhgap12,Arhgap12
lArhgap20,Arhgap20
lArhgap21,Arhgap21
lArhgap22,Arhgap22
lArhgap23,Arhgap23
lArhgap24,Arhgap24
lArhgap26,Arhgap26
lArhgap31,Arhgap31
lArhgap32,Arhgap32
lArhgap39,Arhgap39
lArhgap8,Arhgap8
lArhgef1,Arhgef1
lArhgef10,Arhgef10
lArhgef18,Arhgef18
lArhgef2,Arhgef2
lArhgef39,Arhgef39
lArhgef40,Arhgef40
lArhgef7,Arhgef7
lArid1b,Arid1b
lArid3b,Arid3b
lArid5a,Arid5a
lArl10,Arl10
lArl13b,Arl13b
lArl16,Arl16
lArl5a,Arl5a
lArl6ip6,Arl6ip6
lArl8a,Arl8a
lArmcx1,Armcx1
lArnt,Arnt
lArpc1a,Arpc1a
lArpc1b,Arpc1b
lArpc3,Arpc3
lArpc5l,Arpc5l
lArrb1,Arrb1
lArrb2,Arrb2
lArrdc3,Arrdc3
lArsg,Arsg
lArsk,Arsk
lArt3,Art3
lArvcf,Arvcf
lAsap1,Asap1
lAsb11,Asb11
lAsh2l,Ash2l
lAsns,Asns
lAsph,Asph
lAsrgl1,Asrgl1
lAss1,Ass1
lAste1,Aste1
lAsxl1,Asxl1
lAtat1,Atat1
lAtf2,Atf2
lAtf6,Atf6
lAtg13,Atg13
lAtg16l1,Atg16l1
lAtg16l2,Atg16l2
lAtg2a,Atg2a
lAtg7,Atg7
lAtp11a,Atp11a
lAtp11b,Atp11b
lAtp11c,Atp11c
lAtp13a3,Atp13a3
lAtp1a1,Atp1a1
lAtp2a1,Atp2a1
lAtp2b2,Atp2b2
lAtp2b4,Atp2b4
lAtp2c1,Atp2c1
lAtp5e,Atp5e
lAtp5g3,Atp5g3
lAtp5h,Atp5h
lAtp5j,Atp5j
lAtp5k,Atp5k
lAtp5o,Atp5o
lAtp6ap1l,Atp6ap1l
lAtp6v0a4,Atp6v0a4
lAtp6v0b,Atp6v0b
lAtp6v0c,Atp6v0c
lAtp6v1b2,Atp6v1b2
lAtp8a1,Atp8a1
lAtp8b2,Atp8b2
lAtp9a,Atp9a
lAtpaf2,Atpaf2
lAtpif1,Atpif1
lAtrip,Atrip
lAtrx,Atrx
lAtxn2,Atxn2
lAtxn7l1,Atxn7l1
lAtxn7l3b,Atxn7l3b
lAU015836,AU015836
lAuh,Auh
lAurka,Aurka
lAurkaip1,Aurkaip1
lAurkb,Aurkb
lAuts2,Auts2
lAxl,Axl
lAzi2,Azi2
lAzin1,Azin1
lB230217C12Rik,B230217C12Rik
lB230220B15Rik,B230220B15Rik
lB230303A05Rik,B230303A05Rik
lB3galt5,B3galt5
lB4galt4,B4galt4
lBace1,Bace1
lBach2,Bach2
lBag6,Bag6
lBahcc1,Bahcc1
lBaiap2,Baiap2
lBaiap3,Baiap3
lBak1,Bak1
lBanp,Banp
lBatf2,Batf2
lBaz1b,Baz1b
lBbc3,Bbc3
lBbs5,Bbs5
lBbx,Bbx
lBC004004,BC004004
lBC005624,BC005624
lBC017158,BC017158
lBC051142,BC051142
lBcam,Bcam
lBcas3,Bcas3
lBcat2,Bcat2
lBccip,Bccip
lBche,Bche
lBckdk,Bckdk
lBcl11a,Bcl11a
lBcl2l1,Bcl2l1
lBcl2l11,Bcl2l11
lBcl2l12,Bcl2l12
lBcl6,Bcl6
lBcl7b,Bcl7b
lBcl7c,Bcl7c
lBcorl1,Bcorl1
lBdp1,Bdp1
lBecn1,Becn1
lBend5,Bend5
lBgn,Bgn
lBhlhb9,Bhlhb9
lBid,Bid
lBirc6,Birc6
lBlcap,Blcap
lBlmh,Blmh
lBloc1s6,Bloc1s6
lBlzf1,Blzf1
lBmi1,Bmi1
lBmp4,Bmp4
lBmp8b,Bmp8b
lBnc2,Bnc2
lBnip3,Bnip3
lBnip3l,Bnip3l
lBola2,Bola2
lBola3,Bola3
lBraf,Braf
lBrcc3,Brcc3
lBrd1,Brd1
lBrd2,Brd2
lBrd3,Brd3
lBrd7,Brd7
lMrpl33,Mrpl33
lBrip1,Brip1
lBrpf1,Brpf1
lBrpf3,Brpf3
lBrwd1,Brwd1
lBscl2,Bscl2
lBsdc1,Bsdc1
lBtbd10,Btbd10
lBtbd11,Btbd11
lBtbd19,Btbd19
lBtbd2,Btbd2
lBtf3,Btf3
lBtf3l4,Btf3l4
lBub1,Bub1
lBud31,Bud31
lC1d,C1d
lC1qbp,C1qbp
lC2,C2
lC87436,C87436
lCables2,Cables2
lCacna1a,Cacna1a
lCacna1b,Cacna1b
lCacna1g,Cacna1g
lCacna1h,Cacna1h
lCacnb1,Cacnb1
lCacnb4,Cacnb4
lCad,Cad
lCadm1,Cadm1
lCald1,Cald1
lCalm1,Calm1
lCaln1,Caln1
lCalr,Calr
lCalu,Calu
lCamk1d,Camk1d
lCamk1g,Camk1g
lCamk2a,Camk2a
lCamk2b,Camk2b
lCamk2d,Camk2d
lCamta1,Camta1
lCamta2,Camta2
lCanx,Canx
lCap2,Cap2
lCapg,Capg
lCapn5,Capn5
lCapns1,Capns1
lCaprin2,Caprin2
lCapza1,Capza1
lCapzb,Capzb
lCar4,Car4
lCar5b,Car5b
lCar9,Car9
lCard10,Card10
lCarf,Carf
lCarm1,Carm1
lCars,Cars
lCasc3,Casc3
lCasd1,Casd1
lCask,Cask
lCaskin2,Caskin2
lCasp2,Casp2
lCasp8ap2,Casp8ap2
lCasp9,Casp9
lCatsper2,Catsper2
lCatsperg1,Catsperg1
lCav1,Cav1
lCbfa2t3,Cbfa2t3
lCbs,Cbs
lCbx1,Cbx1
lCbx2,Cbx2
lCbx3,Cbx3
lCbx6,Cbx6
lCc2d1b,Cc2d1b
lCc2d2b,Cc2d2b
lCcbe1,Ccbe1
lCcdc116,Ccdc116
lCcdc120,Ccdc120
lCcdc122,Ccdc122
lCcdc136,Ccdc136
lCcdc157,Ccdc157
lCcdc163,Ccdc163
lCcdc167,Ccdc167
lCcdc17,Ccdc17
lCcdc174,Ccdc174
lCcdc30,Ccdc30
lCcdc33,Ccdc33
lCcdc43,Ccdc43
lCcdc50,Ccdc50
lCcdc57,Ccdc57
lCcdc59,Ccdc59
lCcdc6,Ccdc6
lCcdc68,Ccdc68
lCcdc77,Ccdc77
lCcdc80,Ccdc80
lCcdc9,Ccdc9
lCcdc90b,Ccdc90b
lCcdc97,Ccdc97
lCcl25,Ccl25
lCcl6,Ccl6
lCcna2,Ccna2
lCcnb1,Ccnb1
lCcnd3,Ccnd3
lCcndbp1,Ccndbp1
lCcne1,Ccne1
lCcng2,Ccng2
lCcnh,Ccnh
lCcni,Ccni
lCcnl1,Ccnl1
lCcp110,Ccp110
lCcpg1,Ccpg1
lCcser2,Ccser2
lCct4,Cct4
lCct8,Cct8
lCd164l2,Cd164l2
lCd300lf,Cd300lf
lCd37,Cd37
lCd40,Cd40
lCd46,Cd46
lCd81,Cd81
lCd86,Cd86
lCd9,Cd9
lCd99l2,Cd99l2
lCdan1,Cdan1
lCdc123,Cdc123
lCdc20,Cdc20
lCdc23,Cdc23
lCdc27,Cdc27
lCdc42bpa,Cdc42bpa
lCdc42se1,Cdc42se1
lCdc42se2,Cdc42se2
lCdc6,Cdc6
lCdc7,Cdc7
lCdc73,Cdc73
lCdca3,Cdca3
lCdca5,Cdca5
lCdca7,Cdca7
lCdca7l,Cdca7l
lCdh18,Cdh18
lCdh23,Cdh23
lCdh4,Cdh4
lCdk1,Cdk1
lCdk14,Cdk14
lCdk16,Cdk16
lCdk5rap1,Cdk5rap1
lCdk5rap2,Cdk5rap2
lCdk8,Cdk8
lCdk9,Cdk9
lCecr2,Cecr2
lCelf5,Celf5
lCenpa,Cenpa
lCenph,Cenph
lCenpo,Cenpo
lCep112,Cep112
lCep128,Cep128
lCep350,Cep350
lCep57,Cep57
lCep63,Cep63
lCep68,Cep68
lCep85,Cep85
lCep89,Cep89
lCerkl,Cerkl
lCers2,Cers2
lCfp,Cfp
lCgnl1,Cgnl1
lChchd2,Chchd2
lChchd3,Chchd3
lChchd5,Chchd5
lChd3,Chd3
lChd4,Chd4
lChd5,Chd5
lChd6,Chd6
lChd8,Chd8
lChid1,Chid1
lChka,Chka
lChkb,Chkb
lChmp3,Chmp3
lChmp6,Chmp6
lChn2,Chn2
lChrd,Chrd
lChrm2,Chrm2
lChst15,Chst15
lChuk,Chuk
lCiapin1,Ciapin1
lCib1,Cib1
lCic,Cic
lCirbp,Cirbp
lCit,Cit
lClcc1,Clcc1
lClcn1,Clcn1
lClcn3,Clcn3
lClcn5,Clcn5
lClcn7,Clcn7
lClip1,Clip1
lClk2,Clk2
lClk4,Clk4
lClmp,Clmp
lCln3,Cln3
lClns1a,Clns1a
lClpb,Clpb
lClpx,Clpx
lClstn1,Clstn1
lClu,Clu
lCluh,Cluh
lCmas,Cmas
lCmc2,Cmc2
lCmklr1,Cmklr1
lCmpk1,Cmpk1
lCnbp,Cnbp
lCnep1r1,Cnep1r1
lCnih4,Cnih4
lCnnm3,Cnnm3
lCnot2,Cnot2
lCnot7,Cnot7
lCnot8,Cnot8
lCnpy3,Cnpy3
lCnr1,Cnr1
lCntd1,Cntd1
lCntfr,Cntfr
lCntn4,Cntn4
lCntnap1,Cntnap1
lCntnap2,Cntnap2
lCntrob,Cntrob
lCobll1,Cobll1
lCoil,Coil
lCol11a1,Col11a1
lCol11a2,Col11a2
lCol12a1,Col12a1
lCol15a1,Col15a1
lCol16a1,Col16a1
lCol19a1,Col19a1
lCol1a1,Col1a1
lCol1a2,Col1a2
lCol26a1,Col26a1
lCol28a1,Col28a1
lCol3a1,Col3a1
lCol4a1,Col4a1
lCol4a2,Col4a2
lCol4a3,Col4a3
lCol5a2,Col5a2
lCol6a1,Col6a1
lCol6a3,Col6a3
lCol7a1,Col7a1
lCommd3,Commd3
lCommd9,Commd9
lCopg1,Copg1
lCopg2,Copg2
lCops2,Cops2
lCops3,Cops3
lCops7a,Cops7a
lCoq4,Coq4
lCoq6,Coq6
lCoq9,Coq9
lCoro1c,Coro1c
lCoro2a,Coro2a
lCoro2b,Coro2b
lCoro7,Coro7
lCox17,Cox17
lCox18,Cox18
lCox4i1,Cox4i1
lCox6a1,Cox6a1
lCox6c,Cox6c
lCox7b,Cox7b
lCox7c,Cox7c
lCpa6,Cpa6
lCpd,Cpd
lCpeb1,Cpeb1
lCped1,Cped1
lCpne3,Cpne3
lCpne5,Cpne5
lCpt1b,Cpt1b
lCrb1,Crb1
lCreb3,Creb3
lCrebrf,Crebrf
lCreld1,Creld1
lCrem,Crem
lCrip3,Crip3
lCript,Cript
lCrisp2,Crisp2
lCrispld2,Crispld2
lCrlf3,Crlf3
lCrocc,Crocc
lCrtc3,Crtc3
lCryzl1,Cryzl1
lCse1l,Cse1l
lCsf3r,Csf3r
lCsgalnact1,Csgalnact1
lCsmd3,Csmd3
lCsn3,Csn3
lCsnk1d,Csnk1d
lCsnk1e,Csnk1e
lCsnk1g1,Csnk1g1
lCsnk2a1,Csnk2a1
lCsnk2b,Csnk2b
lCspp1,Cspp1
lCsrnp3,Csrnp3
lCstf3,Cstf3
lCtbp2,Ctbp2
lCtc1,Ctc1
lCtnna2,Ctnna2
lCtnna3,Ctnna3
lCtnnal1,Ctnnal1
lCtnnbl1,Ctnnbl1
lCtnnd1,Ctnnd1
lCtns,Ctns
lCtps,Ctps
lCtps2,Ctps2
lCtr9,Ctr9
lCtsa,Ctsa
lCtso,Ctso
lCttn,Cttn
lCtu2,Ctu2
lCubn,Cubn
lCuedc1,Cuedc1
lCul1,Cul1
lCul2,Cul2
lCul4a,Cul4a
lCul5,Cul5
lCul9,Cul9
lCutc,Cutc
lCux2,Cux2
lCwc22,Cwc22
lCwc25,Cwc25
lCwc27,Cwc27
lCx3cl1,Cx3cl1
lCxcl16,Cxcl16
lCyb561,Cyb561
lCyb5d2,Cyb5d2
lCyb5r1,Cyb5r1
lCyp7a1,Cyp7a1
lD130009I18Rik,D130009I18Rik
lD130043K22Rik,D130043K22Rik
lD2hgdh,D2hgdh
lDab1,Dab1
lDab2,Dab2
lDab2ip,Dab2ip
lDap3,Dap3
lDapp1,Dapp1
lDars2,Dars2
lDaxx,Daxx
lDazap1,Dazap1
lDbn1,Dbn1
lDcaf11,Dcaf11
lDcakd,Dcakd
lDcbld2,Dcbld2
lDcc,Dcc
lDchs1,Dchs1
lDcst1,Dcst1
lDctn1,Dctn1
lDcun1d1,Dcun1d1
lDcun1d4,Dcun1d4
lDda1,Dda1
lDdc,Ddc
lDdhd1,Ddhd1
lDdit4l,Ddit4l
lDdx18,Ddx18
lDdx23,Ddx23
lDdx27,Ddx27
lDdx31,Ddx31
lDdx39b,Ddx39b
lDdx47,Ddx47
lDdx49,Ddx49
lDdx5,Ddx5
lDdx51,Ddx51
lDdx52,Ddx52
lDdx55,Ddx55
lDdx58,Ddx58
lDecr1,Decr1
lDef6,Def6
lDennd1a,Dennd1a
lDennd2a,Dennd2a
lDennd5a,Dennd5a
lDennd5b,Dennd5b
lDenr,Denr
lDepdc5,Depdc5
lDet1,Det1
lDgkq,Dgkq
lDgkz,Dgkz
lDguok,Dguok
lDhdh,Dhdh
lDhodh,Dhodh
lDhps,Dhps
lDhtkd1,Dhtkd1
lDhx16,Dhx16
lDhx30,Dhx30
lDhx33,Dhx33
lDhx36,Dhx36
lDhx40,Dhx40
lDiablo,Diablo
lDip2b,Dip2b
lDixdc1,Dixdc1
lDkc1,Dkc1
lDlat,Dlat
lDlc1,Dlc1
lDlg1,Dlg1
lDlg2,Dlg2
lDlg3,Dlg3
lDlg4,Dlg4
lDlgap1,Dlgap1
lDlgap2,Dlgap2
lDlgap3,Dlgap3
lDlgap4,Dlgap4
lDmd,Dmd
lDmgdh,Dmgdh
lDmpk,Dmpk
lDmwd,Dmwd
lDmxl1,Dmxl1
lDmxl2,Dmxl2
lDnaja1,Dnaja1
lDnajb11,Dnajb11
lDnajb5,Dnajb5
lDnajb6,Dnajb6
lDnajc1,Dnajc1
lDnajc10,Dnajc10
lDnajc11,Dnajc11
lDnajc16,Dnajc16
lDnajc2,Dnajc2
lDnajc22,Dnajc22
lDnajc24,Dnajc24
lDnajc5,Dnajc5
lDnajc7,Dnajc7
lDnajc8,Dnajc8
lDnm1,Dnm1
lDnm2,Dnm2
lDnm3,Dnm3
lDnm3os,Dnm3os
lDnmt3a,Dnmt3a
lDnmt3b,Dnmt3b
lDnmt3l,Dnmt3l
lDock2,Dock2
lDock3,Dock3
lDock7,Dock7
lDohh,Dohh
lDok2,Dok2
lDot1l,Dot1l
lDpf2,Dpf2
lDph3,Dph3
lDpm3,Dpm3
lDpp10,Dpp10
lDpp4,Dpp4
lDpp6,Dpp6
lDpy19l1,Dpy19l1
lDpy19l3,Dpy19l3
lDpyd,Dpyd
lDpysl3,Dpysl3
lDpysl5,Dpysl5
lDr1,Dr1
lDram2,Dram2
lDrap1,Drap1
lDrg1,Drg1
lDrg2,Drg2
lDrosha,Drosha
lDsn1,Dsn1
lDst,Dst
lDtd1,Dtd1
lDtnb,Dtnb
lDtx1,Dtx1
lDtx3,Dtx3
lDtymk,Dtymk
lDus1l,Dus1l
lDusp11,Dusp11
lDusp13,Dusp13
lDusp7,Dusp7
lDuxbl3,Duxbl3
lDvl2,Dvl2
lDvl3,Dvl3
lDync1h1,Dync1h1
lDync1i2,Dync1i2
lDynlt3,Dynlt3
lDysf,Dysf
lDzip1l,Dzip1l
lE130114P18Rik,E130114P18Rik
lE2f2,E2f2
lE2f7,E2f7
lE2f8,E2f8
lEce1,Ece1
lEct2,Ect2
lEdf1,Edf1
lEed,Eed
lEef1a1-ps1,Eef1a1-ps1
lEef1b2,Eef1b2
lEef1g,Eef1g
lEfcab6,Efcab6
lEfcc1,Efcc1
lEfr3a,Efr3a
lEftud2,Eftud2
lEgfl7,Egfl7
lEgfl8,Egfl8
lEgln2,Egln2
lEhbp1,Ehbp1
lEhd4,Ehd4
lEhmt1,Ehmt1
lEif1,Eif1
lEif1ax,Eif1ax
lEif2ak2,Eif2ak2
lEif2ak3,Eif2ak3
lEif2b2,Eif2b2
lEif2b3,Eif2b3
lEif2s3y,Eif2s3y
lEif3f,Eif3f
lEif3i,Eif3i
lEif4a1,Eif4a1
lEif4a2,Eif4a2
lEif4a-ps4,Eif4a-ps4
lEif4enif1,Eif4enif1
lEif4g1,Eif4g1
lEif4g2,Eif4g2
lEif4g3,Eif4g3
lEif6,Eif6
lElac2,Elac2
lElavl2,Elavl2
lElf2,Elf2
lElmod2,Elmod2
lElmod3,Elmod3
lElmsan1,Elmsan1
lElovl5,Elovl5
lElp4,Elp4
lEmc10,Emc10
lEmc9,Emc9
lEme1,Eme1
lEmid1,Emid1
lEmx2,Emx2
lEmx2os,Emx2os
lEndov,Endov
lEno1,Eno1
lEnox2,Enox2
lEntpd1,Entpd1
lEntpd5,Entpd5
lEntpd6,Entpd6
lEpha10,Epha10
lEpha2,Epha2
lEpha6,Epha6
lEpha7,Epha7
lEpn2,Epn2
lEps15,Eps15
lEps8,Eps8
lErbb4,Erbb4
lErcc2,Ercc2
lErcc4,Ercc4
lErcc5,Ercc5
lErcc6l2,Ercc6l2
lErcc8,Ercc8
lErgic1,Ergic1
lErgic2,Ergic2
lAcsm3,Acsm3
lErlin1,Erlin1
lErmp1,Ermp1
lErp44,Erp44
lErrfi1,Errfi1
lEsam,Esam
lEsco2,Esco2
lEsd,Esd
lEsf1,Esf1
lEsrp1,Esrp1
lEsrp2,Esrp2
lEtl4,Etl4
lEtv4,Etv4
lEvc,Evc
lEvi5,Evi5
lExoc4,Exoc4
lExoc5,Exoc5
lExosc10,Exosc10
lExosc2,Exosc2
lExosc3,Exosc3
lExosc4,Exosc4
lExosc8,Exosc8
lExph5,Exph5
lExt1,Ext1
lExt2,Ext2
lExtl1,Extl1
lExtl2,Extl2
lEya2,Eya2
lEzh1,Ezh1
lEzh2,Ezh2
lF11r,F11r
lFaah,Faah
lFads6,Fads6
lFaf1,Faf1
lFah,Fah
lFahd2a,Fahd2a
lFam111a,Fam111a
lFam114a2,Fam114a2
lFam117a,Fam117a
lFam118b,Fam118b
lFam124b,Fam124b
lFam126a,Fam126a
lFam126b,Fam126b
lFam129b,Fam129b
lFam129c,Fam129c
lFam168b,Fam168b
lFam171a2,Fam171a2
lFam178b,Fam178b
lFam187b,Fam187b
lFam189a1,Fam189a1
lFam214b,Fam214b
lFam219a,Fam219a
lFam221a,Fam221a
lFam227b,Fam227b
lFam45a,Fam45a
lFam53b,Fam53b
lFam76b,Fam76b
lFam78a,Fam78a
lFam92b,Fam92b
lFanca,Fanca
lFancc,Fancc
lFancd2,Fancd2
lFance,Fance
lFancg,Fancg
lFancl,Fancl
lFar1,Far1
lFastk,Fastk
lFastkd1,Fastkd1
lFbf1,Fbf1
lFbln2,Fbln2
lFbxl17,Fbxl17
lFbxl2,Fbxl2
lFbxl20,Fbxl20
lFbxl4,Fbxl4
lFbxo17,Fbxo17
lFbxo31,Fbxo31
lFbxo40,Fbxo40
lFbxo5,Fbxo5
lFbxo7,Fbxo7
lFbxo8,Fbxo8
lFbxo9,Fbxo9
lFbxw11,Fbxw11
lFbxw17,Fbxw17
lFbxw2,Fbxw2
lFbxw4,Fbxw4
lFbxw9,Fbxw9
lFcf1,Fcf1
lFcho1,Fcho1
lFchsd2,Fchsd2
lFermt1,Fermt1
lFgd2,Fgd2
lFgd4,Fgd4
lFgf13,Fgf13
lFgfr1,Fgfr1
lFgfr1op2,Fgfr1op2
lFgfr2,Fgfr2
lFggy,Fggy
lFgr,Fgr
lFhl1,Fhl1
lFignl1,Fignl1
lFip1l1,Fip1l1
lFis1,Fis1
lFkbp14,Fkbp14
lFkbp5,Fkbp5
lFkbp8,Fkbp8
lFlcn,Flcn
lFlt3l,Flt3l
lFmn1,Fmn1
lFmr1,Fmr1
lFndc1,Fndc1
lFndc3a,Fndc3a
lFnip2,Fnip2
lFntb,Fntb
lFocad,Focad
lFolr1,Folr1
lFoxj3,Foxj3
lFoxk2,Foxk2
lFoxm1,Foxm1
lFoxn3,Foxn3
lFoxp2,Foxp2
lFoxp4,Foxp4
lFoxred2,Foxred2
lFpgs,Fpgs
lFrmd4a,Frmd4a
lFrmd4b,Frmd4b
lFscn2,Fscn2
lFstl3,Fstl3
lFtsj3,Ftsj3
lFtx,Ftx
lFubp3,Fubp3
lFuca1,Fuca1
lFuca2,Fuca2
lFundc1,Fundc1
lFundc2,Fundc2
lFuom,Fuom
lUnc45a,Unc45a
lFut10,Fut10
lFut9,Fut9
lFuz,Fuz
lFxr2,Fxr2
lFzd3,Fzd3
lFzr1,Fzr1
lG2e3,G2e3
lG3bp1,G3bp1
lG6pc3,G6pc3
lG6pdx,G6pdx
lGabarapl2,Gabarapl2
lGabbr1,Gabbr1
lGabpa,Gabpa
lGabpb2,Gabpb2
lGabra3,Gabra3
lGak,Gak
lGalnt1,Galnt1
lGalnt2,Galnt2
lGalntl6,Galntl6
lGap43,Gap43
lGapdh,Gapdh
lGapvd1,Gapvd1
lGar1,Gar1
lGarnl3,Garnl3
lGas2,Gas2
lGas2l1,Gas2l1
lGas7,Gas7
lGcc2,Gcc2
lGcgr,Gcgr
lGclm,Gclm
lGcsh,Gcsh
lGdap2,Gdap2
lGemin2,Gemin2
lGfod2,Gfod2
lGfpt2,Gfpt2
lGfra4,Gfra4
lGga2,Gga2
lGga3,Gga3
lGgcx,Ggcx
lGgnbp1,Ggnbp1
lGgta1,Ggta1
lGhr,Ghr
lGid8,Gid8
lGigyf2,Gigyf2
lGinm1,Ginm1
lGit1,Git1
lGk5,Gk5
lGlb1l,Glb1l
lGlcci1,Glcci1
lGli3,Gli3
lGlis1,Glis1
lGlis3,Glis3
lGls,Gls
lGlud1,Glud1
lGm10052,Gm10052
lGm10499,Gm10499
lGm10509,Gm10509
lGm11398,Gm11398
lGm12728,Gm12728
lGm13430,Gm13430
lGm13481,Gm13481
lGm13657,Gm13657
lGm14403,Gm14403
lGm14443,Gm14443
lGm15155,Gm15155
lGm15406,Gm15406
lGm15813,Gm15813
lGm16286,Gm16286
lGm16351,Gm16351
lGm20517,Gm20517
lGm20732,Gm20732
lGm21992,Gm21992
lGm2350,Gm2350
lGm2788,Gm2788
lGm2861,Gm2861
lGm3339,Gm3339
lGm4707,Gm4707
lGm4997,Gm4997
lGm5154,Gm5154
lGm53,Gm53
lGm5925,Gm5925
lGm6238,Gm6238
lGm6548,Gm6548
lGm6808,Gm6808
lGm7444,Gm7444
lGm8909,Gm8909
lGm9873,Gm9873
lGmcl1,Gmcl1
lGmds,Gmds
lGmeb1,Gmeb1
lGmeb2,Gmeb2
lGmip,Gmip
lGmppa,Gmppa
lGmpr,Gmpr
lGna11,Gna11
lGnao1,Gnao1
lGnb1l,Gnb1l
lGnb4,Gnb4
lGng10,Gng10
lGng4,Gng4
lGnl1,Gnl1
lGnl2,Gnl2
lGnl3l,Gnl3l
lGnpat,Gnpat
lGolga1,Golga1
lGolga2,Golga2
lGolga3,Golga3
lGolga7,Golga7
lGolgb1,Golgb1
lGolt1b,Golt1b
lGorasp2,Gorasp2
lGpbp1l1,Gpbp1l1
lGpc2,Gpc2
lGpd2,Gpd2
lGpm6b,Gpm6b
lGpn1,Gpn1
lGpr146,Gpr146
lGpr160,Gpr160
lGpr173,Gpr173
lGpr85,Gpr85
lGpsm1,Gpsm1
lGramd1b,Gramd1b
lGramd2,Gramd2
lGramd4,Gramd4
lGrb10,Grb10
lGrb14,Grb14
lGria3,Gria3
lGrik2,Grik2
lGrin1,Grin1
lGrin2b,Grin2b
lGripap1,Gripap1
lGrm1,Grm1
lGrn,Grn
lGsdmcl-ps,Gsdmcl-ps
lGstcd,Gstcd
lGstm2,Gstm2
lGtf2a2,Gtf2a2
lGtf2h2,Gtf2h2
lGtf2h3,Gtf2h3
lGtf2i,Gtf2i
lGtf3c2,Gtf3c2
lGtpbp10,Gtpbp10
lGtpbp2,Gtpbp2
lGtpbp3,Gtpbp3
lGtpbp6,Gtpbp6
lGuf1,Guf1
lGuk1,Guk1
lGusb,Gusb
lGyg,Gyg
lGys1,Gys1
lH13,H13
lH2-K1,H2-K1
lH2-M5,H2-M5
lH6pd,H6pd
lHace1,Hace1
lHadha,Hadha
lHadhb,Hadhb
lHat1,Hat1
lHaus8,Haus8
lHba-a1,Hba-a1
lHba-a2,Hba-a2
lHbp1,Hbp1
lHcls1,Hcls1
lHdac1,Hdac1
lHdac3,Hdac3
lHdac5,Hdac5
lHeatr3,Heatr3
lHeg1,Heg1
lHelz,Helz
lHemk1,Hemk1
lHerc1,Herc1
lHerc3,Herc3
lHerpud1,Herpud1
lHexdc,Hexdc
lHeyl,Heyl
lHhat,Hhat
lHibadh,Hibadh
lHint2,Hint2
lHipk1,Hipk1
lHipk2,Hipk2
lHipk3,Hipk3
lHirip3,Hirip3
lHivep3,Hivep3
lHjurp,Hjurp
lHk2,Hk2
lHlf,Hlf
lHmbox1,Hmbox1
lHmcn1,Hmcn1
lHmg20b,Hmg20b
lHmga2,Hmga2
lHmgb1,Hmgb1
lHmgcll1,Hmgcll1
lHmgcr,Hmgcr
lHmgn2,Hmgn2
lHmgn3,Hmgn3
lHmgxb4,Hmgxb4
lHmmr,Hmmr
lHmox1,Hmox1
lHnrnpa3,Hnrnpa3
lHnrnpd,Hnrnpd
lHnrnph1,Hnrnph1
lHnrnph3,Hnrnph3
lHnrnpk,Hnrnpk
lHnrnpl,Hnrnpl
lHnrnpr,Hnrnpr
lHook3,Hook3
lHormad2,Hormad2
lHoxc6,Hoxc6
lHp1bp3,Hp1bp3
lHps1,Hps1
lHps5,Hps5
lHs3st5,Hs3st5
lHsd17b12,Hsd17b12
lHsd17b14,Hsd17b14
lHsf3,Hsf3
lHsp90aa1,Hsp90aa1
lHsp90b1,Hsp90b1
lHspa14,Hspa14
lHspa5,Hspa5
lHspa8,Hspa8
lHspb6,Hspb6
lHspb8,Hspb8
lHspe1,Hspe1
lHspg2,Hspg2
lHtr2c,Htr2c
lHtra1,Htra1
lHtt,Htt
lHus1,Hus1
lHuwe1,Huwe1
lHyls1,Hyls1
lHyou1,Hyou1
lHypk,Hypk
lIcmt,Icmt
lIdh2,Idh2
lIdh3b,Idh3b
lIdh3g,Idh3g
lIer3ip1,Ier3ip1
lIffo1,Iffo1
lIfi44,Ifi44
lIfnar1,Ifnar1
lIfngr1,Ifngr1
lIfngr2,Ifngr2
lIfrd1,Ifrd1
lIft140,Ift140
lIft46,Ift46
lIft57,Ift57
lIft80,Ift80
lIft81,Ift81
lIgf2,Igf2
lIgf2bp2,Igf2bp2
lIgfbp4,Igfbp4
lIgsf8,Igsf8
lIgsf9,Igsf9
lIkbkb,Ikbkb
lIkbke,Ikbke
lIkbkg,Ikbkg
lIl15ra,Il15ra
lIl17rc,Il17rc
lIl1b,Il1b
lIl1rap,Il1rap
lIl34,Il34
lIl4i1,Il4i1
lIlk,Ilk
lImmp2l,Immp2l
lImpg2,Impg2
lIng3,Ing3
lIng4,Ing4
lInip,Inip
lIno80,Ino80
lIno80e,Ino80e
lInpp1,Inpp1
lInpp4a,Inpp4a
lInpp4b,Inpp4b
lInpp5a,Inpp5a
lInpp5b,Inpp5b
lInsc,Insc
lInts10,Ints10
lInts2,Ints2
lInts8,Ints8
lIpo13,Ipo13
lIpo4,Ipo4
lIpo8,Ipo8
lIpo9,Ipo9
lIqcb1,Iqcb1
lIqcc,Iqcc
lIqce,Iqce
lIqch,Iqch
lIqck,Iqck
lIqsec1,Iqsec1
lIqsec2,Iqsec2
lIrak1,Irak1
lIrak2,Irak2
lIrf5,Irf5
lIrf9,Irf9
lIrgm1,Irgm1
lIsoc2b,Isoc2b
lItgb5,Itgb5
lItgb6,Itgb6
lItgb8,Itgb8
lItsn1,Itsn1
lIvd,Ivd
lJak1,Jak1
lJakmip1,Jakmip1
lJarid2,Jarid2
lJkamp,Jkamp
lJmjd8,Jmjd8
lJosd2,Josd2
lJtb,Jtb
lJup,Jup
lKalrn,Kalrn
lKank4,Kank4
lKat6b,Kat6b
lKbtbd2,Kbtbd2
lKbtbd4,Kbtbd4
lKcnh2,Kcnh2
lKcnip1,Kcnip1
lKcnq5,Kcnq5
lKctd13,Kctd13
lKctd17,Kctd17
lKctd18,Kctd18
lKdm2a,Kdm2a
lKdm2b,Kdm2b
lKdm4a,Kdm4a
lKdm4b,Kdm4b
lKdm4c,Kdm4c
lKeg1,Keg1
lKif18b,Kif18b
lKif19a,Kif19a
lKif24,Kif24
lKif2c,Kif2c
lKif5c,Kif5c
lKlc1,Klc1
lKlc2,Klc2
lKlhdc2,Klhdc2
lKlhdc4,Klhdc4
lKpna1,Kpna1
lKpna6,Kpna6
lKpnb1,Kpnb1
lKptn,Kptn
lKras,Kras
lKrtcap2,Krtcap2
lL1td1,L1td1
lL3mbtl2,L3mbtl2
lLama5,Lama5
lLamc1,Lamc1
lLamtor2,Lamtor2
lLamtor4,Lamtor4
lLaptm5,Laptm5
lLarp1,Larp1
lLats2,Lats2
lLca5,Lca5
lLca5l,Lca5l
lLclat1,Lclat1
lLctl,Lctl
lLdb1,Ldb1
lLdha,Ldha
lLdlrap1,Ldlrap1
lLef1,Lef1
lLefty1,Lefty1
lLeng8,Leng8
lLgr4,Lgr4
lLgr5,Lgr5
lLgr6,Lgr6
lLhfpl2,Lhfpl2
lLhpp,Lhpp
lLias,Lias
lLig1,Lig1
lLima1,Lima1
lLimd2,Limd2
lLime1,Lime1
lLimk2,Limk2
lLipo1,Lipo1
lLitaf,Litaf
lLman1,Lman1
lLmbr1l,Lmbr1l
lLmln,Lmln
lLmna,Lmna
lLmnb2,Lmnb2
lLmo4,Lmo4
lLmo7,Lmo7
lLnx2,Lnx2
lLpcat2,Lpcat2
lLpcat3,Lpcat3
lLpcat4,Lpcat4
lLpin2,Lpin2
lLpl,Lpl
lLrch2,Lrch2
lLrfn5,Lrfn5
lLrif1,Lrif1
lLrp1,Lrp1
lLrp1b,Lrp1b
lLrp3,Lrp3
lLrp6,Lrp6
lLrrc14,Lrrc14
lLrrc24,Lrrc24
lLrrc27,Lrrc27
lLrrc42,Lrrc42
lLrrc56,Lrrc56
lLrrc61,Lrrc61
lLrrc8c,Lrrc8c
lLrrk1,Lrrk1
lLrrk2,Lrrk2
lLrrn2,Lrrn2
lLrsam1,Lrsam1
lLsamp,Lsamp
lLsg1,Lsg1
lTmem101,Tmem101
lLsm2,Lsm2
lLsm3,Lsm3
lLsm5,Lsm5
lLsm6,Lsm6
lLsp1,Lsp1
lLtbp1,Ltbp1
lLtbp4,Ltbp4
lLuc7l2,Luc7l2
lLuzp1,Luzp1
lLypd6b,Lypd6b
lLypla2,Lypla2
lLyrm2,Lyrm2
lLzic,Lzic
lLztfl1,Lztfl1
lLztr1,Lztr1
lM1ap,M1ap
lMad1l1,Mad1l1
lMad2l2,Mad2l2
lMadd,Madd
lMaf1,Maf1
lGm9003,Gm9003
lMagohb,Magohb
lMan2a1,Man2a1
lMan2c1,Man2c1
lMap1a,Map1a
lMap1lc3b,Map1lc3b
lMap2k1,Map2k1
lMap2k2,Map2k2
lMap2k3,Map2k3
lMap2k4,Map2k4
lMap2k7,Map2k7
lMap3k1,Map3k1
lMap3k10,Map3k10
lMap3k12,Map3k12
lMap3k14,Map3k14
lMap3k3,Map3k3
lMap3k6,Map3k6
lMap7d1,Map7d1
lMapk1,Mapk1
lMapk10,Mapk10
lMapk15,Mapk15
lMapk8,Mapk8
lMapk8ip1,Mapk8ip1
lMapk8ip3,Mapk8ip3
lMapkap1,Mapkap1
lMapkapk3,Mapkapk3
lMapkapk5,Mapkapk5
lMapre1,Mapre1
lMapre3,Mapre3
lMapt,Mapt
lMast4,Mast4
lMat2b,Mat2b
lMbd2,Mbd2
lMbnl3,Mbnl3
lMboat1,Mboat1
lMboat7,Mboat7
lMbp,Mbp
lMbtps2,Mbtps2
lMcfd2,Mcfd2
lMcm7,Mcm7
lMcm8,Mcm8
lMcts1,Mcts1
lMcu,Mcu
lMdfi,Mdfi
lMdga1,Mdga1
lMdh1,Mdh1
lMdh2,Mdh2
lMdn1,Mdn1
lMeaf6,Meaf6
lMed12,Med12
lMed13,Med13
lMed19,Med19
lMed21,Med21
lMed23,Med23
lMed24,Med24
lMed28,Med28
lMed6,Med6
lMed7,Med7
lMed8,Med8
lMef2d,Mef2d
lMegf11,Megf11
lMeis1,Meis1
lMeis2,Meis2
lMest,Mest
lMetap1d,Metap1d
lMettl16,Mettl16
lMettl17,Mettl17
lMettl2,Mettl2
lMettl21a,Mettl21a
lMettl23,Mettl23
lMettl3,Mettl3
lMettl8,Mettl8
lMfng,Mfng
lMfsd10,Mfsd10
lMfsd11,Mfsd11
lMga,Mga
lMgat1,Mgat1
lMgat4b,Mgat4b
lMgl2,Mgl2
lMgll,Mgll
lMia,Mia
lMical3,Mical3
lMicu1,Micu1
lMicu3,Micu3
lMier2,Mier2
lMier3,Mier3
lMiip,Miip
lMios,Mios
lMis18bp1,Mis18bp1
lMitd1,Mitd1
lMitf,Mitf
lMknk1,Mknk1
lMkrn1,Mkrn1
lMlf1,Mlf1
lMlh1,Mlh1
lMllt3,Mllt3
lMlx,Mlx
lMmp23,Mmp23
lMmp9,Mmp9
lMmrn1,Mmrn1
lMms22l,Mms22l
lMn1,Mn1
lMob1a,Mob1a
lMob4,Mob4
lMocs1,Mocs1
lMorf4l2,Morf4l2
lMorn1,Morn1
lMospd2,Mospd2
lMov10,Mov10
lMov10l1,Mov10l1
lMpc1,Mpc1
lMpdu1,Mpdu1
lMpdz,Mpdz
lMphosph8,Mphosph8
lMpnd,Mpnd
lMpp1,Mpp1
lMras,Mras
lMrc1,Mrc1
lMrc2,Mrc2
lMrgbp,Mrgbp
lMroh1,Mroh1
lMrpl13,Mrpl13
lMrpl15,Mrpl15
lMrpl18,Mrpl18
lMrpl2,Mrpl2
lMrpl22,Mrpl22
lMrpl24,Mrpl24
lMrpl3,Mrpl3
lMrpl37,Mrpl37
lMrpl47,Mrpl47
lMrpl51,Mrpl51
lMrps10,Mrps10
lMrps11,Mrps11
lMrps12,Mrps12
lMrps15,Mrps15
lMrps18a,Mrps18a
lMrps18b,Mrps18b
lMrps24,Mrps24
lMrps25,Mrps25
lMrps35,Mrps35
lMrps36,Mrps36
lMrps5,Mrps5
lMrps6,Mrps6
lMs4a4b,Ms4a4b
lMsantd3,Msantd3
lMsh5,Msh5
lMsi1,Msi1
lMsl1,Msl1
lMsrb2,Msrb2
lMsto1,Msto1
lMta1,Mta1
lMta2,Mta2
lMta3,Mta3
lMtap,Mtap
lMtbp,Mtbp
lMtch1,Mtch1
lMtch2,Mtch2
lMtcp1,Mtcp1
lMtfr1,Mtfr1
lMtfr1l,Mtfr1l
lMtg1,Mtg1
lMthfd2,Mthfd2
lMthfr,Mthfr
lMthfs,Mthfs
lMthfsd,Mthfsd
lMtm1,Mtm1
lMtmr1,Mtmr1
lMtmr2,Mtmr2
lMtmr3,Mtmr3
lMtmr7,Mtmr7
lMtrf1l,Mtrf1l
lMtus1,Mtus1
lMtus2,Mtus2
lMxd3,Mxd3
lMxra8,Mxra8
lMybbp1a,Mybbp1a
lMybl2,Mybl2
lMycbp,Mycbp
lMycbp2,Mycbp2
lMycn,Mycn
lMyef2,Myef2
lMyg1,Myg1
lMyh9,Myh9
lMyl1,Myl1
lMyl12b,Myl12b
lMyl9,Myl9
lMylpf,Mylpf
lMyo10,Myo10
lMyo18a,Myo18a
lMyo19,Myo19
lMyo1b,Myo1b
lMyo1c,Myo1c
lMyo3a,Myo3a
lMyo5a,Myo5a
lMyo5b,Myo5b
lMyo9a,Myo9a
lMyom2,Myom2
lMzt2,Mzt2
lNaa10,Naa10
lNaa16,Naa16
lNaa25,Naa25
lNaa35,Naa35
lNaa38,Naa38
lNaaladl2,Naaladl2
lNab1,Nab1
lNacc2,Nacc2
lNadk,Nadk
lNagpa,Nagpa
lNanp,Nanp
lNans,Nans
lNapa,Napa
lNars2,Nars2
lNat10,Nat10
lNat9,Nat9
lNbr1,Nbr1
lNcapg,Ncapg
lNcaph,Ncaph
lNcaph2,Ncaph2
lNcbp1,Ncbp1
lNck2,Nck2
lNckap5,Nckap5
lNcln,Ncln
lNcoa2,Ncoa2
lNcoa3,Ncoa3
lNcoa5,Ncoa5
lNcoa6,Ncoa6
lNcor1,Ncor1
lNcor2,Ncor2
lNde1,Nde1
lNdel1,Ndel1
lNdor1,Ndor1
lNdufa10,Ndufa10
lNdufa3,Ndufa3
lNdufa5,Ndufa5
lNdufa7,Ndufa7
lNdufab1,Ndufab1
lNdufaf1,Ndufaf1
lNdufaf6,Ndufaf6
lNdufb10,Ndufb10
lNdufb7,Ndufb7
lNdufb8,Ndufb8
lNdufs2,Ndufs2
lNdufs7,Ndufs7
lNdufv1,Ndufv1
lNeb,Neb
lNecab1,Necab1
lNecab3,Necab3
lNecap2,Necap2
lNek1,Nek1
lNek8,Nek8
lNelfcd,Nelfcd
lNf1,Nf1
lNfat5,Nfat5
lNfe2l1,Nfe2l1
lNfe2l2,Nfe2l2
lNfib,Nfib
lNfix,Nfix
lNfrkb,Nfrkb
lNfu1,Nfu1
lNfxl1,Nfxl1
lNfya,Nfya
lNfyb,Nfyb
lNfyc,Nfyc
lNgly1,Ngly1
lNhlrc3,Nhlrc3
lNhlrc4,Nhlrc4
lNhp2,Nhp2
lNhsl1,Nhsl1
lNhsl2,Nhsl2
lNinl,Ninl
lNipal3,Nipal3
lNipsnap1,Nipsnap1
lNipsnap3b,Nipsnap3b
lNit1,Nit1
lNkain1,Nkain1
lNkap,Nkap
lNkiras1,Nkiras1
lNkiras2,Nkiras2
lNlgn3,Nlgn3
lNlk,Nlk
lNmd3,Nmd3
lNme3,Nme3
lNme4,Nme4
lNmrk1,Nmrk1
lNnat,Nnat
lNob1,Nob1
lNol11,Nol11
lNol4,Nol4
lNomo1,Nomo1
lNono,Nono
lNop56,Nop56
lNos1,Nos1
lNos1ap,Nos1ap
lNosip,Nosip
lNotch1,Notch1
lNotch4,Notch4
lNpas2,Npas2
lNpc1,Npc1
lNpdc1,Npdc1
lNpepps,Npepps
lNphp1,Nphp1
lNphp4,Nphp4
lNphs1,Nphs1
lNploc4,Nploc4
lNpm1,Npm1
lNpr1,Npr1
lNprl3,Nprl3
lNptn,Nptn
lNr2f1,Nr2f1
lNr2f6,Nr2f6
lNr3c2,Nr3c2
lNr6a1,Nr6a1
lNrbp1,Nrbp1
lNrf1,Nrf1
lNrip1,Nrip1
lNrxn2,Nrxn2
lNrxn3,Nrxn3
lNsf,Nsf
lNsmaf,Nsmaf
lNsmce4a,Nsmce4a
lNsmf,Nsmf
lNsun2,Nsun2
lNsun4,Nsun4
lNsun5,Nsun5
lNsun7,Nsun7
lNt5c3,Nt5c3
lNt5c3b,Nt5c3b
lNtan1,Ntan1
lNtmt1,Ntmt1
lNtng2,Ntng2
lNtpcr,Ntpcr
lNtrk3,Ntrk3
lNubp1,Nubp1
lNubpl,Nubpl
lNucb1,Nucb1
lNudcd2,Nudcd2
lNudt3,Nudt3
lNudt5,Nudt5
lNufip2,Nufip2
lNumbl,Numbl
lNup210,Nup210
lNup214,Nup214
lNup43,Nup43
lNup54,Nup54
lNup85,Nup85
lNup88,Nup88
lNupl2,Nupl2
lNupr1,Nupr1
lOaz1-ps,Oaz1-ps
lOciad2,Ociad2
lOcrl,Ocrl
lOdf2,Odf2
lOgdh,Ogdh
lOip5,Oip5
lOla1,Ola1
lOpa1,Opa1
lOpcml,Opcml
lOprl1,Oprl1
lOprm1,Oprm1
lOrc1,Orc1
lOrc2,Orc2
lOrc5,Orc5
lOrmdl1,Ormdl1
lOsbpl1a,Osbpl1a
lOsbpl2,Osbpl2
lOsbpl3,Osbpl3
lOsbpl5,Osbpl5
lOsbpl6,Osbpl6
lOsbpl7,Osbpl7
lOsbpl9,Osbpl9
lOsgepl1,Osgepl1
lOsgin2,Osgin2
lOsmr,Osmr
lOtud5,Otud5
lOtud7a,Otud7a
lOvol2,Ovol2
lOxct1,Oxct1
lOxnad1,Oxnad1
lOxsr1,Oxsr1
lP2rx3,P2rx3
lP2rx4,P2rx4
lP4hb,P4hb
lPabpc4,Pabpc4
lPacsin1,Pacsin1
lPadi2,Padi2
lPadi6,Padi6
lPaf1,Paf1
lPafah1b3,Pafah1b3
lPafah2,Pafah2
lPaics,Paics
lPaip2,Paip2
lPaip2b,Paip2b
lPak1ip1,Pak1ip1
lPak2,Pak2
lPak4,Pak4
lPak7,Pak7
lPalb2,Palb2
lPalld,Palld
lPam,Pam
lPan3,Pan3
lPapola,Papola
lPard3,Pard3
lPard3b,Pard3b
lPark7,Park7
lParp11,Parp11
lParp12,Parp12
lParva,Parva
lPatz1,Patz1
lPax6,Pax6
lPax8,Pax8
lPaxbp1,Paxbp1
lPbdc1,Pbdc1
lPbk,Pbk
lPbx1,Pbx1
lPbx2,Pbx2
lPbx4,Pbx4
lPbxip1,Pbxip1
lPcbp3,Pcbp3
lPcca,Pcca
lPccb,Pccb
lPcdhgb8,Pcdhgb8
lPcgf2,Pcgf2
lPcgf3,Pcgf3
lPcna,Pcna
lPcolce,Pcolce
lPcyox1,Pcyox1
lTctex1d2,Tctex1d2
lPcyt2,Pcyt2
lPdap1,Pdap1
lPdcd10,Pdcd10
lPdcd5,Pdcd5
lPdcd6ip,Pdcd6ip
lPde10a,Pde10a
lPde4a,Pde4a
lPde4b,Pde4b
lPde4d,Pde4d
lPde6d,Pde6d
lPde6g,Pde6g
lPde7a,Pde7a
lPde7b,Pde7b
lPde8b,Pde8b
lPdgfa,Pdgfa
lPdha1,Pdha1
lPdia6,Pdia6
lPdk2,Pdk2
lPdk4,Pdk4
lPdlim4,Pdlim4
lPdlim7,Pdlim7
lPdpk1,Pdpk1
lPdrg1,Pdrg1
lPds5b,Pds5b
lPdss1,Pdss1
lPdzrn3,Pdzrn3
lPea15a,Pea15a
lPeg3,Peg3
lPeli1,Peli1
lPemt,Pemt
lPepd,Pepd
lPex11b,Pex11b
lPex14,Pex14
lPex19,Pex19
lPex5l,Pex5l
lPex7,Pex7
lPfas,Pfas
lPfn1,Pfn1
lPgbd5,Pgbd5
lPgs1,Pgs1
lPhactr1,Phactr1
lPhactr2,Phactr2
lPhactr3,Phactr3
lPhc1,Phc1
lPhc2,Phc2
lPhf10,Phf10
lPhf12,Phf12
lPhf19,Phf19
lPhf20,Phf20
lPhf21a,Phf21a
lPhf23,Phf23
lPhkg1,Phkg1
lPhkg2,Phkg2
lPhlda3,Phlda3
lPhlpp1,Phlpp1
lPhlpp2,Phlpp2
lPhospho2,Phospho2
lPhrf1,Phrf1
lPhtf1,Phtf1
lPhtf2,Phtf2
lPi4ka,Pi4ka
lPi4kb,Pi4kb
lPick1,Pick1
lPiezo1,Piezo1
lPigk,Pigk
lPigo,Pigo
lPigq,Pigq
lPigu,Pigu
lPigv,Pigv
lPigx,Pigx
lPih1d1,Pih1d1
lPih1d2,Pih1d2
lPik3cd,Pik3cd
lPik3r2,Pik3r2
lPim2,Pim2
lPip5k1a,Pip5k1a
lPir,Pir
lPisd-ps2,Pisd-ps2
lPithd1,Pithd1
lPitpna,Pitpna
lPitpnc1,Pitpnc1
lPitpnm2,Pitpnm2
lPkd1l1,Pkd1l1
lPkib,Pkib
lPkig,Pkig
lPkn1,Pkn1
lPkn2,Pkn2
lPknox1,Pknox1
lPkp4,Pkp4
lPla2g4a,Pla2g4a
lPla2g5,Pla2g5
lPla2g6,Pla2g6
lPla2g7,Pla2g7
lPlag1,Plag1
lPlb1,Plb1
lPlcb1,Plcb1
lPlcd3,Plcd3
lPlce1,Plce1
lPlcg1,Plcg1
lPlcxd1,Plcxd1
lPld3,Pld3
lPlec,Plec
lPlekha1,Plekha1
lPlekha4,Plekha4
lPlekha7,Plekha7
lPlekhb1,Plekhb1
lPlekhm2,Plekhm2
lPlekhm3,Plekhm3
lPlk4,Plk4
lPlp1,Plp1
lPlrg1,Plrg1
lPls1,Pls1
lPls3,Pls3
lPltp,Pltp
lPlxnb2,Plxnb2
lPml,Pml
lPmm1,Pmm1
lPmm2,Pmm2
lPmp22,Pmp22
lPmpca,Pmpca
lPmpcb,Pmpcb
lPms2,Pms2
lPnkd,Pnkd
lPnkp,Pnkp
lPoglut1,Poglut1
lPogz,Pogz
lPola1,Pola1
lPoldip2,Poldip2
lPoldip3,Poldip3
lPole,Pole
lPole4,Pole4
lPolg,Polg
lPolm,Polm
lPolq,Polq
lPolr1b,Polr1b
lPolr1e,Polr1e
lPolr2b,Polr2b
lPolr2e,Polr2e
lPolr2i,Polr2i
lPolr3gl,Polr3gl
lPomgnt1,Pomgnt1
lPomt1,Pomt1
lPop1,Pop1
lPop5,Pop5
lPou2f1,Pou2f1
lPou4f1,Pou4f1
lPpa1,Ppa1
lPpan,Ppan
lPpara,Ppara
lPpard,Ppard
lPpargc1b,Ppargc1b
lPpdpf,Ppdpf
lPpfia1,Ppfia1
lPpfibp1,Ppfibp1
lPpia,Ppia
lPpid,Ppid
lPpig,Ppig
lPpil2,Ppil2
lPpip5k2,Ppip5k2
lPpm1m,Ppm1m
lPpox,Ppox
lPpp1cc,Ppp1cc
lPpp1r12c,Ppp1r12c
lPpp1r1b,Ppp1r1b
lPpp1r35,Ppp1r35
lPpp1r8,Ppp1r8
lPpp2ca,Ppp2ca
lPpp2r1a,Ppp2r1a
lPpp2r2d,Ppp2r2d
lPpp2r5b,Ppp2r5b
lPpp3ca,Ppp3ca
lPpp3cb,Ppp3cb
lPpp4r1,Ppp4r1
lPpp5c,Ppp5c
lPprc1,Pprc1
lPqlc3,Pqlc3
lPradc1,Pradc1
lPramef8,Pramef8
lPrc1,Prc1
lPrdm2,Prdm2
lPrdx2,Prdx2
lPrdx6,Prdx6
lPreb,Preb
lPrex1,Prex1
lPrickle4,Prickle4
lPrim1,Prim1
lPrkab1,Prkab1
lPrkab2,Prkab2
lPrkag2,Prkag2
lPrkar1a,Prkar1a
lPrkca,Prkca
lPrkcb,Prkcb
lPrkcz,Prkcz
lPrkd3,Prkd3
lPrkg1,Prkg1
lPrkrip1,Prkrip1
lPrlr,Prlr
lPrmt1,Prmt1
lPrmt5,Prmt5
lPrnp,Prnp
lProm2,Prom2
lPros1,Pros1
lPrpf18,Prpf18
lPrpf38a,Prpf38a
lPrpf38b,Prpf38b
lPrps1,Prps1
lPrr14,Prr14
lPrr14l,Prr14l
lPrr5l,Prr5l
lPrrc2a,Prrc2a
lPrrc2b,Prrc2b
lPrrc2c,Prrc2c
lPrrg2,Prrg2
lPrrt2,Prrt2
lPrss16,Prss16
lPrss32,Prss32
lPrss36,Prss36
lPsat1,Psat1
lPsd3,Psd3
lPsd4,Psd4
lPsen2,Psen2
lPsip1,Psip1
lPsma1,Psma1
lPsma3,Psma3
lPsma4,Psma4
lPsma5,Psma5
lPsma7,Psma7
lPsmb3,Psmb3
lPsmb4,Psmb4
lPsmb6,Psmb6
lPsmc2,Psmc2
lPsmc3,Psmc3
lPsmd1,Psmd1
lPsmd4,Psmd4
lPsme2,Psme2
lPsme4,Psme4
lPspc1,Pspc1
lPsph,Psph
lGm12525,Gm12525
lPstk,Pstk
lPtbp1,Ptbp1
lPtbp3,Ptbp3
lPtch2,Ptch2
lPtdss2,Ptdss2
lPter,Pter
lPtges,Ptges
lPtges3,Ptges3
lPtgis,Ptgis
lPtgs1,Ptgs1
lPtms,Ptms
lPtov1,Ptov1
lPtp4a1,Ptp4a1
lPtpn1,Ptpn1
lPtpn12,Ptpn12
lPtpn14,Ptpn14
lPtpn2,Ptpn2
lPtpn22,Ptpn22
lPtpn4,Ptpn4
lPtpn5,Ptpn5
lPtprj,Ptprj
lPtprr,Ptprr
lPtpru,Ptpru
lPttg1,Pttg1
lPttg1ip,Pttg1ip
lPum2,Pum2
lPus7,Pus7
lPusl1,Pusl1
lPxmp2,Pxmp2
lPxn,Pxn
lPycr1,Pycr1
lPygo2,Pygo2
lPyroxd1,Pyroxd1
lQars,Qars
lQprt,Qprt
lQsox1,Qsox1
lR3hcc1,R3hcc1
lR3hcc1l,R3hcc1l
lR3hdm2,R3hdm2
lRab11a,Rab11a
lRab14,Rab14
lRab15,Rab15
lRab23,Rab23
lRab26,Rab26
lRab34,Rab34
lRab37,Rab37
lRab3gap1,Rab3gap1
lRab40b,Rab40b
lRab40c,Rab40c
lRab43,Rab43
lRab4b,Rab4b
lRab6a,Rab6a
lRab8a,Rab8a
lRabep2,Rabep2
lRabl3,Rabl3
lRac1,Rac1
lRacgap1,Racgap1
lRad23a,Rad23a
lRad23b,Rad23b
lRad51,Rad51
lRad52,Rad52
lRad54b,Rad54b
lRad54l,Rad54l
lRae1,Rae1
lRai1,Rai1
lRalb,Ralb
lRalgapa2,Ralgapa2
lRalgapb,Ralgapb
lRalgds,Ralgds
lRalgps1,Ralgps1
lRaly,Raly
lRan,Ran
lRangrf,Rangrf
lRapgef1,Rapgef1
lRapgef2,Rapgef2
lRara,Rara
lRarg,Rarg
lRars,Rars
lRars2,Rars2
lRasal1,Rasal1
lRasgrp2,Rasgrp2
lRb1,Rb1
lRb1cc1,Rb1cc1
lRbck1,Rbck1
lRbfox3,Rbfox3
lRbks,Rbks
lRbl1,Rbl1
lRbm18,Rbm18
lRbm22,Rbm22
lRbm25,Rbm25
lRbm28,Rbm28
lRbm3,Rbm3
lRbm47,Rbm47
lRbm5,Rbm5
lRbms1,Rbms1
lRc3h1,Rc3h1
lRc3h2,Rc3h2
lRcbtb2,Rcbtb2
lRcc1,Rcc1
lRchy1,Rchy1
lRdh10,Rdh10
lRdh13,Rdh13
lRdm1,Rdm1
lReck,Reck
lRecql,Recql
lRecql5,Recql5
lRell1,Rell1
lRepin1,Repin1
lReps1,Reps1
lReps2,Reps2
lRer1,Rer1
lRerg,Rerg
lRex2,Rex2
lRfc3,Rfc3
lRfc5,Rfc5
lRfx4,Rfx4
lRfx5,Rfx5
lRfxap,Rfxap
lRgl2,Rgl2
lRgp1,Rgp1
lRgs12,Rgs12
lRgs19,Rgs19
lRgs20,Rgs20
lRgs3,Rgs3
lRgs5,Rgs5
lRgs8,Rgs8
lRhbdd2,Rhbdd2
lRhobtb1,Rhobtb1
lRhot1,Rhot1
lRhot2,Rhot2
lRic3,Ric3
lRif1,Rif1
lRimkla,Rimkla
lRims3,Rims3
lRin2,Rin2
lRint1,Rint1
lRlim,Rlim
lRmdn3,Rmdn3
lRmnd1,Rmnd1
lRmnd5a,Rmnd5a
lRmnd5b,Rmnd5b
lRnaseh2a,Rnaseh2a
lRnaseh2b,Rnaseh2b
lRnd2,Rnd2
lRnf10,Rnf10
lRnf130,Rnf130
lRnf135,Rnf135
lRnf145,Rnf145
lRnf149,Rnf149
lRnf165,Rnf165
lRnf166,Rnf166
lRnf167,Rnf167
lRnf169,Rnf169
lRnf185,Rnf185
lRnf19b,Rnf19b
lRnf20,Rnf20
lRnf207,Rnf207
lRnf214,Rnf214
lRnf220,Rnf220
lRnf24,Rnf24
lRnf25,Rnf25
lRnf31,Rnf31
lRnf4,Rnf4
lRnf43,Rnf43
lRnf5,Rnf5
lRnf7,Rnf7
lRnf8,Rnf8
lRnft1,Rnft1
lRngtt,Rngtt
lRnpc3,Rnpc3
lRnpep,Rnpep
lRnu12,Rnu12
lRnu3a,Rnu3a
lRor2,Ror2
lGm12511,Gm12511
lRpa1,Rpa1
lRpa2,Rpa2
lRpgrip1,Rpgrip1
lNdst3,Ndst3
lScn3b,Scn3b
lBrsk2,Brsk2
lSlc25a53,Slc25a53
lKcnab1,Kcnab1
lSppl2a,Sppl2a
lTanc1,Tanc1
lYpel4,Ypel4
lYthdc1,Ythdc1
lWsb2,Wsb2
lSfxn5,Sfxn5
lTia1,Tia1
lTulp3,Tulp3
lSpecc1,Specc1
lSsh2,Ssh2
lSrsf5,Srsf5
lTcf4,Tcf4
lZfp407,Zfp407
lWscd2,Wscd2
lRps19,Rps19
lGcfc2,Gcfc2
lZbtb38,Zbtb38
lCcm2,Ccm2
lTln1,Tln1
lSlc25a3,Slc25a3
lZfp326,Zfp326
lGtf2h5,Gtf2h5
lScmh1,Scmh1
lTm7sf2,Tm7sf2
lRpl10a,Rpl10a
lGm20703,Gm20703
lRpl11,Rpl11
lRpl12,Rpl12
lRpl13,Rpl13
lRpl13a,Rpl13a
lRpl19,Rpl19
lRpl21,Rpl21
lRpl26,Rpl26
lRpl27,Rpl27
lRpl27a,Rpl27a
lRpl28,Rpl28
lRpl30,Rpl30
lRpl34,Rpl34
lRpl35a,Rpl35a
lRpl36a,Rpl36a
lRpl5,Rpl5
lRpl6,Rpl6
lRpl7,Rpl7
lRpl7a,Rpl7a
lRpl9,Rpl9
lRplp2,Rplp2
lRpn2,Rpn2
lRpp21,Rpp21
lRps10,Rps10
lRps15a-ps3,Rps15a-ps3
lRps17,Rps17
lRps18,Rps18
lRps2,Rps2
lRps20,Rps20
lRps27l,Rps27l
lRps4x,Rps4x
lRps5,Rps5
lRps6ka1,Rps6ka1
lRps6ka3,Rps6ka3
lRps6kb2,Rps6kb2
lRps6kc1,Rps6kc1
lRps8,Rps8
lRps9,Rps9
lRpusd3,Rpusd3
lRragc,Rragc
lRras,Rras
lRrbp1,Rrbp1
lRrp1b,Rrp1b
lRrp8,Rrp8
lRrp9,Rrp9
lRsf1,Rsf1
lRsrc1,Rsrc1
lRsrc2,Rsrc2
lRtel1,Rtel1
lRtf1,Rtf1
lRtkn2,Rtkn2
lRufy1,Rufy1
lRunx1t1,Runx1t1
lRwdd4a,Rwdd4a
lRxra,Rxra
lRyk,Ryk
lS100a4,S100a4
lSaal1,Saal1
lSafb,Safb
lSafb2,Safb2
lSall4,Sall4
lSamd12,Samd12
lSamd4,Samd4
lSamd8,Samd8
lSamhd1,Samhd1
lSap25,Sap25
lSap30bp,Sap30bp
lSapcd2,Sapcd2
lSar1b,Sar1b
lSatb1,Satb1
lSbf1,Sbf1
lSbf2,Sbf2
lScaf1,Scaf1
lScamp3,Scamp3
lScap,Scap
lScarb1,Scarb1
lScarna17,Scarna17
lScfd2,Scfd2
lSchip1,Schip1
lSclt1,Sclt1
lScn4a,Scn4a
lScnm1,Scnm1
lScp2,Scp2
lScube3,Scube3
lSdc1,Sdc1
lSdc2,Sdc2
lSdc3,Sdc3
lSdcbp,Sdcbp
lSdccag8,Sdccag8
lSdf2,Sdf2
lSdha,Sdha
lSdk1,Sdk1
lSdk2,Sdk2
lSec11a,Sec11a
lSec11c,Sec11c
lSec13,Sec13
lSec14l1,Sec14l1
lSec16a,Sec16a
lSec23a,Sec23a
lSec23b,Sec23b
lSec24a,Sec24a
lSec31a,Sec31a
lSec61a1,Sec61a1
lSec61a2,Sec61a2
lSec61g,Sec61g
lSecisbp2,Secisbp2
lSecisbp2l,Secisbp2l
lSel1l2,Sel1l2
lSema3c,Sema3c
lSema4d,Sema4d
lSema6a,Sema6a
lSema6c,Sema6c
lSema6d,Sema6d
lSenp3,Senp3
lSenp6,Senp6
lSephs1,Sephs1
lSerac1,Serac1
lSerf2,Serf2
lSergef,Sergef
lSerhl,Serhl
lSerinc1,Serinc1
lSerinc3,Serinc3
lSerpinf1,Serpinf1
lSerping1,Serping1
lSertad2,Sertad2
lSet,Set
lSetd3,Setd3
lSetd6,Setd6
lSetd7,Setd7
lSez6,Sez6
lSf3a3,Sf3a3
lSfi1,Sfi1
lSfmbt1,Sfmbt1
lSfmbt2,Sfmbt2
lSfpq,Sfpq
lSfta2,Sfta2
lSgcd,Sgcd
lSgce,Sgce
lSgip1,Sgip1
lSgk1,Sgk1
lSgms1,Sgms1
lSgpl1,Sgpl1
lSgsm1,Sgsm1
lSgsm3,Sgsm3
lSh3bp4,Sh3bp4
lSh3glb2,Sh3glb2
lSh3kbp1,Sh3kbp1
lSh3rf3,Sh3rf3
lShank1,Shank1
lShank3,Shank3
lSharpin,Sharpin
lShc1,Shc1
lShf,Shf
lShisa4,Shisa4
lShisa6,Shisa6
lShkbp1,Shkbp1
lShmt1,Shmt1
lShroom1,Shroom1
lShroom3,Shroom3
lSike1,Sike1
lSin3a,Sin3a
lSirpa,Sirpa
lSirt2,Sirt2
lSirt7,Sirt7
lSis,Sis
lSka2,Ska2
lSlc12a5,Slc12a5
lSlc12a8,Slc12a8
lSlc13a3,Slc13a3
lSlc15a5,Slc15a5
lSlc16a11,Slc16a11
lSlc16a3,Slc16a3
lSlc16a6,Slc16a6
lSlc17a9,Slc17a9
lSlc18a1,Slc18a1
lSlc18b1,Slc18b1
lSlc19a1,Slc19a1
lSlc1a2,Slc1a2
lSlc1a3,Slc1a3
lSlc1a5,Slc1a5
lSlc23a2,Slc23a2
lSlc25a1,Slc25a1
lSlc25a10,Slc25a10
lSlc25a12,Slc25a12
lSlc25a19,Slc25a19
lSlc25a22,Slc25a22
lSlc25a25,Slc25a25
lSlc25a36,Slc25a36
lSlc25a39,Slc25a39
lSlc27a4,Slc27a4
lSlc29a1,Slc29a1
lSlc2a13,Slc2a13
lSlc2a3,Slc2a3
lSlc2a9,Slc2a9
lSlc30a9,Slc30a9
lSlc35a2,Slc35a2
lSlc35a4,Slc35a4
lSlc35b1,Slc35b1
lSlc35c2,Slc35c2
lSlc35d1,Slc35d1
lSlc35e2,Slc35e2
lSlc35f6,Slc35f6
lSlc36a1,Slc36a1
lSlc38a10,Slc38a10
lSlc38a7,Slc38a7
lSlc39a11,Slc39a11
lSlc39a13,Slc39a13
lSlc39a14,Slc39a14
lSlc39a3,Slc39a3
lSlc43a3,Slc43a3
lSlc44a1,Slc44a1
lSlc44a5,Slc44a5
lSlc45a4,Slc45a4
lSlc4a4,Slc4a4
lSlc50a1,Slc50a1
lSlc5a11,Slc5a11
lSlc5a12,Slc5a12
lSlc6a17,Slc6a17
lSlc6a8,Slc6a8
lSlc7a10,Slc7a10
lSlc7a3,Slc7a3
lSlc7a5,Slc7a5
lSlc9a1,Slc9a1
lSlc9a8,Slc9a8
lSlc9b1,Slc9b1
lSlc9b2,Slc9b2
lSlco3a1,Slco3a1
lSlco4a1,Slco4a1
lSlit2,Slit2
lSlit3,Slit3
lSlk,Slk
lSlmap,Slmap
lSmad4,Smad4
lSmad6,Smad6
lSmad7,Smad7
lSmap1,Smap1
lGm20616,Gm20616
lSmarca5,Smarca5
lSmarce1,Smarce1
lSmc3,Smc3
lSmc4,Smc4
lSmchd1,Smchd1
lSmg6,Smg6
lSmim14,Smim14
lSmim7,Smim7
lSmn1,Smn1
lSmpd2,Smpd2
lSmpd4,Smpd4
lSms,Sms
lSmtn,Smtn
lSmtnl2,Smtnl2
lSmurf2,Smurf2
lSmyd3,Smyd3
lSmyd5,Smyd5
lSnap23,Snap23
lSnap25,Snap25
lSnapc4,Snapc4
lSnapin,Snapin
lSnd1,Snd1
lSned1,Sned1
lSnf8,Snf8
lSnhg11,Snhg11
lSnhg9,Snhg9
lSnora16a,Snora16a
lSnora21,Snora21
lSnora24,Snora24
lSnora26,Snora26
lSnora28,Snora28
lSnora31,Snora31
lSnora52,Snora52
lSnora75,Snora75
lSnora7a,Snora7a
lSnora81,Snora81
lSnord100,Snord100
lSnord104,Snord104
lSnord11,Snord11
lSnord110,Snord110
lSnord123,Snord123
lSnord15b,Snord15b
lSnord16a,Snord16a
lSnord1b,Snord1b
lSnord2,Snord2
lSnord32a,Snord32a
lSnord33,Snord33
lSnord34,Snord34
lSnord35a,Snord35a
lSnord37,Snord37
lSnord38a,Snord38a
lSnord42a,Snord42a
lSnord43,Snord43
lSnord45c,Snord45c
lSnord47,Snord47
lSnord49a,Snord49a
lSnord49b,Snord49b
lSnord4a,Snord4a
lSnord52,Snord52
lSnord53,Snord53
lSnord55,Snord55
lSnord57,Snord57
lSnord66,Snord66
lSnord67,Snord67
lSnord69,Snord69
lSnord70,Snord70
lSnord72,Snord72
lSnord73a,Snord73a
lSnord83b,Snord83b
lSnord87,Snord87
lSnord91a,Snord91a
lSnord95,Snord95
lSnhg12,Snhg12
lSnph,Snph
lSnrk,Snrk
lSnrnp27,Snrnp27
lSnrnp40,Snrnp40
lSnrpa,Snrpa
lSnrpa1,Snrpa1
lSntg1,Sntg1
lSntg2,Sntg2
lSnx1,Snx1
lSnx11,Snx11
lSnx12,Snx12
lSnx30,Snx30
lSnx5,Snx5
lSocs3,Socs3
lSocs6,Socs6
lSocs7,Socs7
lSorcs2,Sorcs2
lSorl1,Sorl1
lSos2,Sos2
lSp1,Sp1
lSp100,Sp100
lSpag5,Spag5
lSpata13,Spata13
lSpata5,Spata5
lSpata7,Spata7
lSpats2l,Spats2l
lSpc25,Spc25
lSpcs1,Spcs1
lSpdl1,Spdl1
lSpeg,Speg
lSpen,Spen
lSpg7,Spg7
lSphkap,Sphkap
lSpint1,Spint1
lSpns1,Spns1
lSpns2,Spns2
lSpns3,Spns3
lSppl3,Sppl3
lSpsb1,Spsb1
lSptan1,Sptan1
lSptbn4,Sptbn4
lSqle,Sqle
lSqstm1,Sqstm1
lSra1,Sra1
lSrc,Src
lSrcin1,Srcin1
lSrd5a3,Srd5a3
lSrebf1,Srebf1
lSrgap3,Srgap3
lSri,Sri
lSrp14,Srp14
lSrp19,Srp19
lSrpk1,Srpk1
lSrrd,Srrd
lSrrm1,Srrm1
lSrsf10,Srsf10
lSrsf11,Srsf11
lSrsf2,Srsf2
lSrsf3,Srsf3
lSrsf6,Srsf6
lSrxn1,Srxn1
lSsbp1,Ssbp1
lSsbp3,Ssbp3
lSsna1,Ssna1
lSsr4,Ssr4
lSsrp1,Ssrp1
lSsx2ip,Ssx2ip
lSt3gal2,St3gal2
lSt3gal6,St3gal6
lSt6gal1,St6gal1
lSt6galnac2,St6galnac2
lSt7,St7
lSt7l,St7l
lStab1,Stab1
lStab2,Stab2
lStag1,Stag1
lStam,Stam
lStard13,Stard13
lStat3,Stat3
lStat5a,Stat5a
lStat6,Stat6
lStau1,Stau1
lStc2,Stc2
lStil,Stil
lStk11ip,Stk11ip
lStk19,Stk19
lStk25,Stk25
lStk38,Stk38
lStk39,Stk39
lStk40,Stk40
lStmn1,Stmn1
lSton1,Ston1
lSton2,Ston2
lStra6,Stra6
lStradb,Stradb
lStrap,Strap
lStrbp,Strbp
lStrn4,Strn4
lStt3a,Stt3a
lStx18,Stx18
lStx2,Stx2
lStx4a,Stx4a
lStx5a,Stx5a
lStx8,Stx8
lStxbp2,Stxbp2
lAknad1,Aknad1
lStxbp5,Stxbp5
lSucla2,Sucla2
lSuclg1,Suclg1
lSulf2,Sulf2
lSumf1,Sumf1
lSumo2,Sumo2
lSumo3,Sumo3
lSun1,Sun1
lSun2,Sun2
lSupt3,Supt3
lSupv3l1,Supv3l1
lSurf2,Surf2
lSurf6,Surf6
lSusd1,Susd1
lSuz12,Suz12
lSvil,Svil
lSwt1,Swt1
lSyce2,Syce2
lSyn3,Syn3
lSyne4,Syne4
lSyngr2,Syngr2
lSynj1,Synj1
lSynrg,Synrg
lSypl,Sypl
lSyt11,Syt11
lSyt12,Syt12
lSyt9,Syt9
lSytl1,Sytl1
lT2,T2
lTada2a,Tada2a
lTaf15,Taf15
lTagln2,Tagln2
lTaldo1,Taldo1
lTamm41,Tamm41
lTanc2,Tanc2
lTank,Tank
lTaok2,Taok2
lTaok3,Taok3
lTapbp,Tapbp
lTardbp,Tardbp
lTatdn3,Tatdn3
lTax1bp3,Tax1bp3
lTbc1d10a,Tbc1d10a
lTbc1d13,Tbc1d13
lTbc1d14,Tbc1d14
lTbc1d17,Tbc1d17
lTbc1d9b,Tbc1d9b
lTbce,Tbce
lTbp,Tbp
lTbpl1,Tbpl1
lTbr1,Tbr1
lTbrg4,Tbrg4
lTbx15,Tbx15
lTceanc2,Tceanc2
lTcf3,Tcf3
lTcf7l1,Tcf7l1
lTchp,Tchp
lTcof1,Tcof1
lTcp1,Tcp1
lTcp11l1,Tcp11l1
lTctn1,Tctn1
lTdg,Tdg
lTdh,Tdh
lTdrd7,Tdrd7
lTead2,Tead2
lTead3,Tead3
lTec,Tec
lTef,Tef
lTek,Tek
lTelo2,Telo2
lTen1,Ten1
lTenm1,Tenm1
lTenm2,Tenm2
lTenm4,Tenm4
lTerf2,Terf2
lTes,Tes
lTesc,Tesc
lTex261,Tex261
lTfb2m,Tfb2m
lTfe3,Tfe3
lTfeb,Tfeb
lTfpi,Tfpi
lTfrc,Tfrc
lTgfbr1,Tgfbr1
lTgif1,Tgif1
lTgif2,Tgif2
lTgm2,Tgm2
lTgm4,Tgm4
lThap1,Thap1
lThbs3,Thbs3
lThoc5,Thoc5
lThoc6,Thoc6
lThop1,Thop1
lThra,Thra
lThrap3,Thrap3
lThsd4,Thsd4
lThsd7b,Thsd7b
lThumpd3,Thumpd3
lTial1,Tial1
lTifa,Tifa
lTimeless,Timeless
lTimm23,Timm23
lTimm50,Timm50
lTiparp,Tiparp
lTiprl,Tiprl
lTk1,Tk1
lTle1,Tle1
lTlk1,Tlk1
lTm6sf1,Tm6sf1
lTm7sf3,Tm7sf3
lTm9sf4,Tm9sf4
lTma16,Tma16
lTmbim1,Tmbim1
lTmcc3,Tmcc3
lTmem106b,Tmem106b
lTmem107,Tmem107
lTmem109,Tmem109
lTmem116,Tmem116
lTmem126b,Tmem126b
lTmem132c,Tmem132c
lTmem135,Tmem135
lTmem143,Tmem143
lTmem150c,Tmem150c
lTmem161a,Tmem161a
lTmem164,Tmem164
lTmem168,Tmem168
lTmem189,Tmem189
lTmem201,Tmem201
lTmem209,Tmem209
lTmem219,Tmem219
lTmem256,Tmem256
lTmem258,Tmem258
lTmem259,Tmem259
lTmem33,Tmem33
lTmem38b,Tmem38b
lTmem39a,Tmem39a
lTmem41b,Tmem41b
lTmem45a,Tmem45a
lTmem62,Tmem62
lTmem63b,Tmem63b
lTmem67,Tmem67
lTmem68,Tmem68
lTmem69,Tmem69
lTmem80,Tmem80
lTmem87a,Tmem87a
lTmem9,Tmem9
lTmprss7,Tmprss7
lTmtc2,Tmtc2
lTmtc3,Tmtc3
lTmtc4,Tmtc4
lTmx1,Tmx1
lTmx4,Tmx4
lTnfaip3,Tnfaip3
lTnfaip8,Tnfaip8
lTnip1,Tnip1
lTnk2,Tnk2
lTnks2,Tnks2
lTnni2,Tnni2
lTnni3,Tnni3
lTnnt3,Tnnt3
lTnpo3,Tnpo3
lTnrc18,Tnrc18
lTnrc6c,Tnrc6c
lTns3,Tns3
lTom1l1,Tom1l1
lTomm40,Tomm40
lTomm40l,Tomm40l
lTomm6,Tomm6
lTop1,Top1
lTop2a,Top2a
lTop3b,Top3b
lTor1a,Tor1a
lTor1aip2,Tor1aip2
lTor3a,Tor3a
lTox4,Tox4
lTpd52,Tpd52
lTpd52l2,Tpd52l2
lTpi1,Tpi1
lTpk1,Tpk1
lTpm4,Tpm4
lTpmt,Tpmt
lTpr,Tpr
lTpra1,Tpra1
lTprgl,Tprgl
lTprn,Tprn
lTpst1,Tpst1
lTpst2,Tpst2
lTpt1,Tpt1
lTpx2,Tpx2
lTra2b,Tra2b
lTraf3ip2,Traf3ip2
lTraf6,Traf6
lTraf7,Traf7
lTrafd1,Trafd1
lTrak2,Trak2
lTrap1,Trap1
lTrappc13,Trappc13
lTrib2,Trib2
lTrib3,Trib3
lTrim16,Trim16
lTrim2,Trim2
lTrim24,Trim24
lTrim27,Trim27
lTrim28,Trim28
lTrim3,Trim3
lTrim30a,Trim30a
lTriobp,Triobp
lTrip11,Trip11
lTrip4,Trip4
lTrmt1,Trmt1
lTrmt10b,Trmt10b
lTrmt44,Trmt44
lTrnau1ap,Trnau1ap
lTrnp1,Trnp1
lTrnt1,Trnt1
lTro,Tro
lTrp53,Trp53
lTrp53bp1,Trp53bp1
lTrp53i11,Trp53i11
lTrp53i13,Trp53i13
lTrpc2,Trpc2
lTrpc4ap,Trpc4ap
lTrub2,Trub2
lTsc1,Tsc1
lTsen15,Tsen15
lTsg101,Tsg101
lTsga10,Tsga10
lTshz3,Tshz3
lTspan10,Tspan10
lTspan12,Tspan12
lTspan17,Tspan17
lTspan32,Tspan32
lTspan4,Tspan4
lTspan9,Tspan9
lTstd2,Tstd2
lTtbk2,Ttbk2
lTtc1,Ttc1
lTtc13,Ttc13
lTtc17,Ttc17
lTtc28,Ttc28
lTtc3,Ttc3
lTtc4,Ttc4
lTtc7,Ttc7
lTtf1,Ttf1
lTtll4,Ttll4
lTtll5,Ttll5
lTtll7,Ttll7
lTtyh1,Ttyh1
lTubb5,Tubb5
lTvp23b,Tvp23b
lTxlng,Txlng
lTxn2,Txn2
lTxndc11,Txndc11
lTxndc12,Txndc12
lTxndc17,Txndc17
lTxndc5,Txndc5
lTxnip,Txnip
lTxnrd2,Txnrd2
lU2af1l4,U2af1l4
lUap1,Uap1
lUbac1,Ubac1
lUbap1,Ubap1
lUbap2,Ubap2
lUbash3a,Ubash3a
lUbash3b,Ubash3b
lUbe2b,Ube2b
lUbe2d1,Ube2d1
lUbe2e1,Ube2e1
lUbe2e2,Ube2e2
lUbe2e3,Ube2e3
lUbe2h,Ube2h
lUbe2i,Ube2i
lUbe2l3,Ube2l3
lUbe2m,Ube2m
lUbe2q2,Ube2q2
lUbe2v1,Ube2v1
lUbe4a,Ube4a
lUblcp1,Ublcp1
lUbr4,Ubr4
lUbxn11,Ubxn11
lUchl1,Uchl1
lUck1,Uck1
lUckl1,Uckl1
lUcp2,Ucp2
lUfc1,Ufc1
lUfsp2,Ufsp2
lUgcg,Ugcg
lUggt1,Uggt1
lUgp2,Ugp2
lUhrf1,Uhrf1
lUhrf2,Uhrf2
lUnc13b,Unc13b
lUnc45b,Unc45b
lUnk,Unk
lUpp1,Upp1
lGm13558,Gm13558
lUqcr10,Uqcr10
lUqcr11,Uqcr11
lUqcrc2,Uqcrc2
lUqcrh,Uqcrh
lUqcrq,Uqcrq
lUrod,Urod
lUsb1,Usb1
lUse1,Use1
lUsf1,Usf1
lUsp10,Usp10
lUsp14,Usp14
lUsp16,Usp16
lUsp21,Usp21
lUsp24,Usp24
lUsp3,Usp3
lUsp32,Usp32
lUsp33,Usp33
lUsp34,Usp34
lUsp36,Usp36
lUsp45,Usp45
lUsp48,Usp48
lUsp6nl,Usp6nl
lUsp7,Usp7
lUspl1,Uspl1
lUtp18,Utp18
lUty,Uty
lUxt,Uxt
lVamp3,Vamp3
lVamp8,Vamp8
lVars,Vars
lDnaja3,Dnaja3
lVasp,Vasp
lVat1l,Vat1l
lVav2,Vav2
lVcp,Vcp
lVdac1,Vdac1
lVdac2,Vdac2
lVegfa,Vegfa
lVgll4,Vgll4
lVipr1,Vipr1
lVipr2,Vipr2
lVma21,Vma21
lVopp1,Vopp1
lVps13d,Vps13d
lVps16,Vps16
lVps25,Vps25
lVps33b,Vps33b
lVps36,Vps36
lVps45,Vps45
lVps4a,Vps4a
lVps4b,Vps4b
lVps54,Vps54
lVps72,Vps72
lVps8,Vps8
lVps9d1,Vps9d1
lVsig4,Vsig4
lVwa5a,Vwa5a
lVwa5b2,Vwa5b2
lVwf,Vwf
lWac,Wac
lWasf2,Wasf2
lWasl,Wasl
lWbp1,Wbp1
lWbp11,Wbp11
lWbp1l,Wbp1l
lWdr12,Wdr12
lWdr17,Wdr17
lWdr24,Wdr24
lWdr26,Wdr26
lWdr3,Wdr3
lWdr31,Wdr31
lWdr34,Wdr34
lWdr37,Wdr37
lWdr4,Wdr4
lWdr44,Wdr44
lWdr45,Wdr45
lWdr46,Wdr46
lWdr47,Wdr47
lWdr5,Wdr5
lWdr61,Wdr61
lWdr72,Wdr72
lWdr73,Wdr73
lWdr75,Wdr75
lWdr77,Wdr77
lWdr90,Wdr90
lWdr91,Wdr91
lWdr95,Wdr95
lWdsub1,Wdsub1
lWdtc1,Wdtc1
lWhrn,Whrn
lWif1,Wif1
lWipf1,Wipf1
lWipf2,Wipf2
lWipi1,Wipi1
lWipi2,Wipi2
lWnk1,Wnk1
lWsb1,Wsb1
lWscd1,Wscd1
lWt1,Wt1
lWtap,Wtap
lWtip,Wtip
lWwox,Wwox
lXiap,Xiap
lXkr8,Xkr8
lXpa,Xpa
lXpnpep1,Xpnpep1
lXpnpep3,Xpnpep3
lXpo1,Xpo1
lXpo4,Xpo4
lXpr1,Xpr1
lXrcc3,Xrcc3
lXrn2,Xrn2
lXxylt1,Xxylt1
lXylt2,Xylt2
lYaf2,Yaf2
lYap1,Yap1
lYars,Yars
lYars2,Yars2
lYbx1,Ybx1
lYme1l1,Yme1l1
lYpel1,Ypel1
lYpel3,Ypel3
lSrrm3,Srrm3
lZbed4,Zbed4
lZbtb17,Zbtb17
lZbtb32,Zbtb32
lZbtb48,Zbtb48
lZbtb49,Zbtb49
lZbtb8b,Zbtb8b
lZc3h18,Zc3h18
lZc3h7a,Zc3h7a
lZc3hc1,Zc3hc1
lZcchc14,Zcchc14
lZcchc17,Zcchc17
lZcchc9,Zcchc9
lZcrb1,Zcrb1
lZdhhc18,Zdhhc18
lZdhhc19,Zdhhc19
lZdhhc2,Zdhhc2
lZdhhc21,Zdhhc21
lZdhhc24,Zdhhc24
lZdhhc4,Zdhhc4
lZdhhc7,Zdhhc7
lZeb1,Zeb1
lZeb2,Zeb2
lZfand1,Zfand1
lZfand2a,Zfand2a
lZfc3h1,Zfc3h1
lZfhx4,Zfhx4
lZfp106,Zfp106
lZfp111,Zfp111
lZfp120,Zfp120
lZfp157,Zfp157
lZfp184,Zfp184
lZfp217,Zfp217
lZfp236,Zfp236
lZfp239,Zfp239
lZfp263,Zfp263
lZfp275,Zfp275
lZfp276,Zfp276
lZfp346,Zfp346
lZfp354c,Zfp354c
lZfp367,Zfp367
lZfp384,Zfp384
lZfp386,Zfp386
lZfp408,Zfp408
lZfp41,Zfp41
lZfp420,Zfp420
lZfp423,Zfp423
lZfp426,Zfp426
lZfp46,Zfp46
lZfp507,Zfp507
lZfp513,Zfp513
lZfp523,Zfp523
lZfp536,Zfp536
lZfp566,Zfp566
lZfp583,Zfp583
lZfp593,Zfp593
lZfp60,Zfp60
lZfp609,Zfp609
lZfp618,Zfp618
lZfp62,Zfp62
lZfp629,Zfp629
lZfp672,Zfp672
lZfp688,Zfp688
lZfp707,Zfp707
lZfp770,Zfp770
lZfp771,Zfp771
lZfp868,Zfp868
lZfp93,Zfp93
lZfp932,Zfp932
lZfp94,Zfp94
lZfp941,Zfp941
lZfp942,Zfp942
lZfp943,Zfp943
lZfp945,Zfp945
lZfp946,Zfp946
lZfp952,Zfp952
lZfp953,Zfp953
lZfp957,Zfp957
lZfp961,Zfp961
lZfpl1,Zfpl1
lZfpm1,Zfpm1
lZfx,Zfx
lZfyve19,Zfyve19
lZfyve27,Zfyve27
lZhx2,Zhx2
lZkscan3,Zkscan3
lZkscan5,Zkscan5
lZmiz1,Zmiz1
lZmiz2,Zmiz2
lZmym3,Zmym3
lZmym4,Zmym4
lZmynd11,Zmynd11
lZmynd12,Zmynd12
lZnhit3,Znhit3
lZnrd1as,Znrd1as
lZnrf1,Znrf1
lZranb1,Zranb1
lZranb3,Zranb3
lZrsr2,Zrsr2
lZwilch,Zwilch
lZwint,Zwint
lZyg11b,Zyg11b
lZzef1,Zzef1
lZzz3,Zzz3
lGm11608,Gm11608
lCd55,Cd55
lBC055324,BC055324
lCox20,Cox20
lZfp365,Zfp365
lMgat4c,Mgat4c
lRps6kb1,Rps6kb1
lTmub2,Tmub2
lGm7206,Gm7206
lUggt2,Uggt2
lLrp12,Lrp12
lArid2,Arid2
lSlc4a8,Slc4a8
l1700037C18Rik,1700037C18Rik
lPdxdc1,Pdxdc1
lDecr2,Decr2
lUbxn6,Ubxn6
lArrdc1,Arrdc1
lCelf1,Celf1
l4930402H24Rik,4930402H24Rik
lPsmf1,Psmf1
lSlc16a4,Slc16a4
lTrmt13,Trmt13
lSec24b,Sec24b
lRbm12b1,Rbm12b1
lCcdc107,Ccdc107
lAtraid,Atraid
lGm10244,Gm10244
lUsp5,Usp5
lNrip2,Nrip2
lAfg3l1,Afg3l1
lSpsb4,Spsb4
lMrpl30,Mrpl30
lGm8805,Gm8805
lMpc2,Mpc2
lCnst,Cnst
lP4ha2,P4ha2
lNle1,Nle1
lAspscr1,Aspscr1
lRasa1,Rasa1
lAp1g2,Ap1g2
lPsme1,Psme1
lTaf6l,Taf6l
lPip5k1b,Pip5k1b
lUap1l1,Uap1l1
lPrpf40a,Prpf40a
lCd82,Cd82
l4931422A03Rik,4931422A03Rik
lErgic3,Ergic3
lNdufc1,Ndufc1
lCd72,Cd72
lCcdc24,Ccdc24
lCda,Cda
lKhk,Khk
lHelq,Helq
lMrps18c,Mrps18c
lMkln1,Mkln1
lErcc1,Ercc1
lEch1,Ech1
lEtfb,Etfb
lRpl18,Rpl18
lTimm10b,Timm10b
lZfp560,Zfp560
lXkr4,Xkr4
lTmem70,Tmem70
lActr1b,Actr1b
lObsl1,Obsl1
lSlc4a3,Slc4a3
lRnpepl1,Rnpepl1
lInsig2,Insig2
lAxdnd1,Axdnd1
lCd247,Cd247
lPip5k1c,Pip5k1c
lIltifb,Iltifb
lAtp5b,Atp5b
lMorc2a,Morc2a
lRasl10a,Rasl10a
lLgalsl,Lgalsl
lEml6,Eml6
lWwc1,Wwc1
lGabrb2,Gabrb2
lIl4,Il4
lGemin5,Gemin5
lPik3r5,Pik3r5
lVamp2,Vamp2
lNeurl4,Neurl4
lMink1,Mink1
lAldoc,Aldoc
lSarm1,Sarm1
lRhbdl3,Rhbdl3
l5530401A14Rik,5530401A14Rik
lCcl1,Ccl1
lCcl9,Ccl9
lGgnbp2,Ggnbp2
lVmp1,Vmp1
lKat7,Kat7
lRapgefl1,Rapgefl1
lCnp,Cnp
lMpp2,Mpp2
lMrpl38,Mrpl38
lRnf157,Rnf157
lGps1,Gps1
lGm11773,Gm11773
lCys1,Cys1
lUnc79,Unc79
lSerpina11,Serpina11
lNup153,Nup153
lTppp,Tppp
lMctp1,Mctp1
lSlc39a2,Slc39a2
lSetdb2,Setdb2
lPnma2,Pnma2
lZfr,Zfr
lLy6h,Ly6h
lGpaa1,Gpaa1
lCsdc2,Csdc2
lHdac10,Hdac10
lOlfr287,Olfr287
lZfp597,Zfp597
lAbat,Abat
lTmem191c,Tmem191c
lPsmd2,Psmd2
lStxbp5l,Stxbp5l
lSynj2,Synj2
lEme2,Eme2
lSkiv2l,Skiv2l
lEhmt2,Ehmt2
lAbhd16a,Abhd16a
lPex6,Pex6
lMapre2,Mapre2
lPitpnm1,Pitpnm1
lFrmd8,Frmd8
lMap4k2,Map4k2
lDagla,Dagla
lGm17018,Gm17018
lTrdmt1,Trdmt1
lRabl6,Rabl6
lCacfd1,Cacfd1
lPpp1r26,Ppp1r26
lCrat,Crat
lCiz1,Ciz1
lSt6galnac6,St6galnac6
lSh2d3c,Sh2d3c
lArhgap15,Arhgap15
lSlc4a10,Slc4a10
lRapgef4,Rapgef4
lPpp1r1c,Ppp1r1c
lFam171b,Fam171b
lApip,Apip
lD430041D05Rik,D430041D05Rik
lSlc12a6,Slc12a6
lScg5,Scg5
lCkmt1,Ckmt1
lGm14036,Gm14036
lL3mbtl1,L3mbtl1
lSpata2,Spata2
lPld1,Pld1
lPhc3,Phc3
lEtfdh,Etfdh
lRit1,Rit1
lTrim46,Trim46
lCelsr2,Celsr2
lFndc7,Fndc7
lAnk2,Ank2
lManea,Manea
lSlc35a1,Slc35a1
lTesk1,Tesk1
lGba2,Gba2
lTmem8b,Tmem8b
lGabbr2,Gabbr2
lMast2,Mast2
lB4galt2,B4galt2
lSzt2,Szt2
lCap1,Cap1
lAU040320,AU040320
lS100pbp,S100pbp
lSh3bgrl3,Sh3bgrl3
lPaqr7,Paqr7
lHtr1d,Htr1d
lNbl1,Nbl1
lAtp13a2,Atp13a2
lUbe4b,Ube4b
lTmem240,Tmem240
lPex1,Pex1
lAdam22,Adam22
lReln,Reln
lAbcb8,Abcb8
lDok7,Dok7
lTbc1d1,Tbc1d1
lPaqr3,Paqr3
lPlac8,Plac8
lBrdt,Brdt
lDynll1,Dynll1
lHip1r,Hip1r
lKctd7,Kctd7
lGnb2,Gnb2
lDlx6,Dlx6
lNxph1,Nxph1
lD630045J12Rik,D630045J12Rik
lWipf3,Wipf3
lSlc4a5,Slc4a5
lPodxl2,Podxl2
lCamk1,Camk1
lIft122,Ift122
lPlxnd1,Plxnd1
lClstn3,Clstn3
lEno2,Eno2
lItpr2,Itpr2
lSipa1l3,Sipa1l3
lZfp27,Zfp27
lClip3,Clip3
lLin7b,Lin7b
lPpp1r15a,Ppp1r15a
lNmb,Nmb
lTrim66,Trim66
lSez6l2,Sez6l2
lSprn,Sprn
lIfitm10,Ifitm10
lMcf2l,Mcf2l
lSorbs2,Sorbs2
l4930555F03Rik,4930555F03Rik
lSpock3,Spock3
lYjefn3,Yjefn3
lGm9725,Gm9725
lMast1,Mast1
lTaf1c,Taf1c
lCpne7,Cpne7
lDync2h1,Dync2h1
lPate2,Pate2
lNrgn,Nrgn
lRnf123,Rnf123
lGpd1l,Gpd1l
lMyrip,Myrip
lPpp1r3f,Ppp1r3f
lSyp,Syp
lKcnd1,Kcnd1
lZfp280c,Zfp280c
lGabre,Gabre
lPlxna3,Plxna3
lCol4a5,Col4a5
lAlas2,Alas2
lCnksr2,Cnksr2
lPhka2,Phka2
lTlr7,Tlr7
lPsmd13,Psmd13
lCapn10,Capn10
lSertad4,Sertad4
lGm15867,Gm15867
lRps27a,Rps27a
lSmarcd2,Smarcd2
lGm9866,Gm9866
lTubgcp6,Tubgcp6
lZfp414,Zfp414
lDdah2,Ddah2
lSlc25a23,Slc25a23
lLgi1,Lgi1
lGle1,Gle1
lG6pc2,G6pc2
lAdrm1,Adrm1
lPaqr6,Paqr6
lCcl27a,Ccl27a
lSit1,Sit1
lAnks6,Anks6
lGm11210,Gm11210
lPlekhg5,Plekhg5
lGm15461,Gm15461
l9130230L23Rik,9130230L23Rik
lSlc25a38,Slc25a38
lSt18,St18
lAox3,Aox3
lCdk15,Cdk15
lStk16,Stk16
lNcstn,Ncstn
lPlxna2,Plxna2
lSlc2a12,Slc2a12
lLama4,Lama4
lPolrmt,Polrmt
lUsp43,Usp43
lGabarap,Gabarap
lMed11,Med11
lUnc119,Unc119
lGm11509,Gm11509
lMpp3,Mpp3
lUbe2o,Ube2o
lJph4,Jph4
lEgflam,Egflam
lTonsl,Tonsl
lPpp1r16a,Ppp1r16a
lFrs3,Frs3
lMro,Mro
lVps51,Vps51
lZer1,Zer1
lScn9a,Scn9a
lErich2,Erich2
lGm13715,Gm13715
lPak6,Pak6
lFam217b,Fam217b
lZgpat,Zgpat
lFam189b,Fam189b
lCol24a1,Col24a1
lGm11878,Gm11878
lSec61b,Sec61b
lHdhd3,Hdhd3
lLrrc41,Lrrc41
lHmgcl,Hmgcl
lKdm1a,Kdm1a
lOtof,Otof
lPpp2r2c,Ppp2r2c
lIdua,Idua
l1700019G24Rik,1700019G24Rik
lGm15720,Gm15720
lBrsk1,Brsk1
lZfp592,Zfp592
lMrpl48,Mrpl48
lDusp26,Dusp26
lRbl2,Rbl2
lNdrg4,Ndrg4
lBirc3,Birc3
lRpusd4,Rpusd4
lPhldb1,Phldb1
lBC049352,BC049352
lNpat,Npat
lWdr13,Wdr13
lL1cam,L1cam
lSat1,Sat1
lRasal2,Rasal2
lEbf1,Ebf1
lTlcd1,Tlcd1
lMafg,Mafg
lDscc1,Dscc1
lPsmg1,Psmg1
lGm14278,Gm14278
lDpy19l4,Dpy19l4
lRhbdl2,Rhbdl2
lSiglecg,Siglecg
lLypla1,Lypla1
lHibch,Hibch
lRftn2,Rftn2
lDes,Des
lFcer1g,Fcer1g
lCcdc28a,Ccdc28a
lFgd6,Fgd6
lMyo1g,Myo1g
lLyrm7,Lyrm7
lDhrs7c,Dhrs7c
lVps53,Vps53
lArid4b,Arid4b
lIrx2,Irx2
lTxndc16,Txndc16
lMyh6,Myh6
lDennd3,Dennd3
lCpne8,Cpne8
lH2-Ab1,H2-Ab1
lFlot1,Flot1
lMrpl14,Mrpl14
lAlkbh7,Alkbh7
lSh3rf2,Sh3rf2
lMrpl21,Mrpl21
lDoc2g,Doc2g
lRbm4b,Rbm4b
lSufu,Sufu
lSpopl,Spopl
lEng,Eng
lGm13446,Gm13446
lFkbp7,Fkbp7
lFnbp4,Fnbp4
lBmf,Bmf
lSerinc4,Serinc4
lSpata25,Spata25
lPag1,Pag1
lMccc1,Mccc1
lTrpc3,Trpc3
lTpm3,Tpm3
lCasq2,Casq2
lGipc2,Gipc2
lIl11ra1,Il11ra1
l2310002L09Rik,2310002L09Rik
lKhdrbs1,Khdrbs1
lN4bp2,N4bp2
lCorin,Corin
lMyl2,Myl2
lTmem140,Tmem140
lZfp579,Zfp579
lPlekhg2,Plekhg2
lZfp146,Zfp146
lPex11a,Pex11a
lRnf141,Rnf141
lEef2k,Eef2k
lGm21984,Gm21984
lAno1,Ano1
lRasa3,Rasa3
lCes1d,Ces1d
lNxpe2,Nxpe2
lMyl3,Myl3
lPfkfb1,Pfkfb1
lSmpx,Smpx
lMetap2,Metap2
lTmbim4,Tmbim4
lSlc47a2,Slc47a2
lTrappc1,Trappc1
lCbr2,Cbr2
lChdh,Chdh
lZfat,Zfat
lCystm1,Cystm1
lAnkrd16,Ankrd16
lPnpla7,Pnpla7
lRps21,Rps21
lSiah2,Siah2
lNpr2,Npr2
lUbe2j2,Ube2j2
lHoxa10,Hoxa10
lPdcd2l,Pdcd2l
lStac,Stac
lEbp,Ebp
lMettl21c,Mettl21c
lTmeff2,Tmeff2
lClk1,Clk1
lFastkd2,Fastkd2
lGm13749,Gm13749
lBcs1l,Bcs1l
lCol4a4,Col4a4
lMff,Mff
lSpata3,Spata3
lSag,Sag
lTmcc2,Tmcc2
lEtnk2,Etnk2
lRgs2,Rgs2
lShcbp1l,Shcbp1l
lRgsl1,Rgsl1
lVamp4,Vamp4
lFmo2,Fmo2
lScyl3,Scyl3
lSlc19a2,Slc19a2
lRgs4,Rgs4
lPlekhg1,Plekhg1
lRwdd1,Rwdd1
lFam229b,Fam229b
lCol13a1,Col13a1
lSlc25a16,Slc25a16
lIpmk,Ipmk
lLss,Lss
lFtcd,Ftcd
lGlt8d2,Glt8d2
lAppl2,Appl2
lCpm,Cpm
lPpm1h,Ppm1h
lGls2,Gls2
lIkzf4,Ikzf4
lVwc2,Vwc2
lWdpcp,Wdpcp
lOtx1,Otx1
lClhc1,Clhc1
lMpg,Mpg
lCcnjl,Ccnjl
lPwwp2a,Pwwp2a
lZfp454,Zfp454
lGm12258,Gm12258
lAldh3a2,Aldh3a2
lRnf112,Rnf112
lArhgef15,Arhgef15
lAloxe3,Aloxe3
lAcap1,Acap1
lCtdnep1,Ctdnep1
lInpp5k,Inpp5k
lSlc46a1,Slc46a1
lLyrm9,Lyrm9
lPex12,Pex12
lMmp28,Mmp28
lHeatr6,Heatr6
lOlfr464,Olfr464
lCar10,Car10
lMycbpap,Mycbpap
lPhb,Phb
lGsdma2,Gsdma2
lPlekhh3,Plekhh3
lRgs9,Rgs9
lTmem104,Tmem104
lFdxr,Fdxr
lAanat,Aanat
lTmc6,Tmc6
lTha1,Tha1
lSlc26a11,Slc26a11
lGm11766,Gm11766
lCcdc137,Ccdc137
lArl4a,Arl4a
l4921518K17Rik,4921518K17Rik
lGtf2a1,Gtf2a1
lTdp1,Tdp1
lGpr68,Gpr68
lPrima1,Prima1
lAsb13,Asb13
lSusd3,Susd3
lLpcat1,Lpcat1
lGm21959,Gm21959
lAnkra2,Ankra2
lGm16741,Gm16741
lWnt5a,Wnt5a
lGjb6,Gjb6
lAtp8a2,Atp8a2
lStmn4,Stmn4
lHr,Hr
lLcp1,Lcp1
lLacc1,Lacc1
lZic2,Zic2
lFbxo4,Fbxo4
lFyb,Fyb
lUgt3a1,Ugt3a1
lCol22a1,Col22a1
lBC024139,BC024139
lDgat1,Dgat1
lRabl2,Rabl2
lRapgef3,Rapgef3
lSenp1,Senp1
lPrpf40b,Prpf40b
lAtf1,Atf1
lDnase1,Dnase1
lSpag6,Spag6
lDgcr6,Dgcr6
lDgcr8,Dgcr8
l2510002D24Rik,2510002D24Rik
lTmem44,Tmem44
lBdh1,Bdh1
lPigz,Pigz
lCasr,Casr
lSlc15a2,Slc15a2
lSidt1,Sidt1
lCd200,Cd200
lPhldb2,Phldb2
lNfkbiz,Nfkbiz
lSamsn1,Samsn1
lMrap,Mrap
lUnkl,Unkl
lRgs11,Rgs11
lCyp4f15,Cyp4f15
lPsmb9,Psmb9
lPrrt1,Prrt1
l2310061I04Rik,2310061I04Rik
lGalnt14,Galnt14
lTtc39c,Ttc39c
lHars2,Hars2
lFgf1,Fgf1
lSlc26a2,Slc26a2
lNapg,Napg
lRab27b,Rab27b
lCoro1b,Coro1b
lPeli3,Peli3
lEfemp2,Efemp2
lMus81,Mus81
lRnaseh2c,Rnaseh2c
lSnx15,Snx15
lPlgrkt,Plgrkt
lBlnk,Blnk
lEntpd7,Entpd7
lVax1,Vax1
lGm13199,Gm13199
lItga8,Itga8
lGm13322,Gm13322
lEnkur,Enkur
lNelfb,Nelfb
lTmem210,Tmem210
lCamsap1,Camsap1
lCard9,Card9
lRexo4,Rexo4
lAdamtsl2,Adamtsl2
l1700007K13Rik,1700007K13Rik
lAk8,Ak8
lMed27,Med27
lPhyhd1,Phyhd1
lCstad,Cstad
lSwi5,Swi5
lMvb12b,Mvb12b
lGpr21,Gpr21
lGtdc1,Gtdc1
lCcdc148,Ccdc148
lDapl1,Dapl1
lFap,Fap
lGca,Gca
lSlc38a11,Slc38a11
lCcdc173,Ccdc173
lSp9,Sp9
lPlekha3,Plekha3
lGm13689,Gm13689
lPacsin3,Pacsin3
lAccs,Accs
lPamr1,Pamr1
lEhf,Ehf
lKcna4,Kcna4
lDnajc17,Dnajc17
lVps39,Vps39
lEif3j1,Eif3j1
lGatm,Gatm
lSlc27a2,Slc27a2
lHdc,Hdc
l1810024B03Rik,1810024B03Rik
lDdrgk1,Ddrgk1
lAdam33,Adam33
lAnkef1,Ankef1
lNkx2-2,Nkx2-2
lBpifb9a,Bpifb9a
l1700003F12Rik,1700003F12Rik
la,a
lAar2,Aar2
lDhx35,Dhx35
lAda,Ada
lPabpc1l,Pabpc1l
lSys1,Sys1
lEdn3,Edn3
lSycp2,Sycp2
lCol9a3,Col9a3
lBirc7,Birc7
lTcea2,Tcea2
lMyt1,Myt1
lFabp5,Fabp5
lBbs7,Bbs7
lGm5148,Gm5148
lFhdc1,Fhdc1
lMtx1,Mtx1
lCrtc2,Crtc2
lThem4,Them4
lBnipl,Bnipl
lAdamtsl4,Adamtsl4
lCar14,Car14
l5330417C22Rik,5330417C22Rik
l1700013F07Rik,1700013F07Rik
lRwdd3,Rwdd3
lArhgap29,Arhgap29
lCasp6,Casp6
lUox,Uox
lSt6galnac5,St6galnac5
lGm11784,Gm11784
lChchd7,Chchd7
lCcne2,Ccne2
lGalt,Galt
lRnf38,Rnf38
lTmod1,Tmod1
lNr4a3,Nr4a3
lAldob,Aldob
lCdc26,Cdc26
lPole3,Pole3
lWdr78,Wdr78
lLrp8,Lrp8
lGm12854,Gm12854
lLurap1,Lurap1
lTmem53,Tmem53
lDmap1,Dmap1
lSlc6a9,Slc6a9
lElovl1,Elovl1
lAgo4,Ago4
lZbtb8os,Zbtb8os
lGm12963,Gm12963
lEmc1,Emc1
lKazn,Kazn
lPgd,Pgd
lRere,Rere
lTnfrsf25,Tnfrsf25
lPex10,Pex10
lCdk11b,Cdk11b
lTnfrsf18,Tnfrsf18
lSlc4a2,Slc4a2
lRnf32,Rnf32
lEif2b4,Eif2b4
lEvc2,Evc2
lCpeb2,Cpeb2
l4930518C09Rik,4930518C09Rik
lPi4k2b,Pi4k2b
lSmim20,Smim20
lKit,Kit
lSrp72,Srp72
lTmprss11f,Tmprss11f
lGrsf1,Grsf1
l1700028K03Rik,1700028K03Rik
lGlmn,Glmn
lRpap2,Rpap2
lA630023P12Rik,A630023P12Rik
lFam222a,Fam222a
lSirt4,Sirt4
lAsl,Asl
lGm16020,Gm16020
lDtx2,Dtx2
lPrkar1b,Prkar1b
lCox19,Cox19
lAmz1,Amz1
lRadil,Radil
lDaglb,Daglb
lTecpr1,Tecpr1
lFlt1,Flt1
lSlc46a3,Slc46a3
lBet1,Bet1
lPon2,Pon2
lCftr,Cftr
lSlc13a1,Slc13a1
lPot1a,Pot1a
lGm13848,Gm13848
lTtc26,Ttc26
lKrba1,Krba1
lScrn1,Scrn1
lCrhr2,Crhr2
lFam13a,Fam13a
lSema4f,Sema4f
lTprkb,Tprkb
lWnt7a,Wnt7a
lTmem43,Tmem43
lFgd5,Fgd5
lNr2c2,Nr2c2
lA730049H05Rik,A730049H05Rik
lCntn6,Cntn6
lCpne9,Cpne9
lEmc3,Emc3
lGm9946,Gm9946
lDcp1b,Dcp1b
lPex5,Pex5
lCd27,Cd27
lClec2g,Clec2g
lClec1b,Clec1b
lPde6h,Pde6h
lLrmp,Lrmp
lCasc1,Casc1
lArntl2,Arntl2
lOscar,Oscar
lShisa7,Shisa7
lSmim17,Smim17
lZfp112,Zfp112
lTmem91,Tmem91
lItpkc,Itpkc
lHaus5,Haus5
lLgi4,Lgi4
lSyt3,Syt3
lVrk3,Vrk3
lMamstr,Mamstr
l3110040N11Rik,3110040N11Rik
lSh3gl3,Sh3gl3
lMe3,Me3
lTmem126a,Tmem126a
lAnkrd42,Ankrd42
lMap6,Map6
lTub,Tub
lNucb2,Nucb2
lVwa3a,Vwa3a
lD7Ertd443e,D7Ertd443e
lMrpl23,Mrpl23
lDhcr7,Dhcr7
lShank2,Shank2
lTex29,Tex29
lAdam18,Adam18
lD830025C05Rik,D830025C05Rik
lAnkrd37,Ankrd37
lTrappc11,Trappc11
lTm6sf2,Tm6sf2
lPde4c,Pde4c
lRab3a,Rab3a
lGcdh,Gcdh
lRspry1,Rspry1
lNae1,Nae1
lFa2h,Fa2h
lOsgin1,Osgin1
lZfp26,Zfp26
lFez1,Fez1
lRnf26,Rnf26
lPpp2r1b,Ppp2r1b
lDis3l,Dis3l
lDapk2,Dapk2
lManf,Manf
lRbm6,Rbm6
lMst1,Mst1
lTcaim,Tcaim
lCcr5,Ccr5
lPorcn,Porcn
lFtsj1,Ftsj1
lSrpx,Srpx
lRpgr,Rpgr
lZfp300,Zfp300
lRpl39,Rpl39
lSmarca1,Smarca1
lPhf6,Phf6
lCnga2,Cnga2
lAvpr2,Avpr2
lOpn1mw,Opn1mw
lFam3a,Fam3a
lPcyt1b,Pcyt1b
lOphn1,Ophn1
lGdpd2,Gdpd2
lItgb1bp2,Itgb1bp2
lXkrx,Xkrx
lArmcx6,Armcx6
lGprasp2,Gprasp2
lTceal3,Tceal3
lTspyl2,Tspyl2
lScml2,Scml2
lCd28,Cd28
lZfand2b,Zfand2b
lOtos,Otos
lGlrx2,Glrx2
lGm10138,Gm10138
lFcgr2b,Fcgr2b
lCd84,Cd84
lLefty2,Lefty2
lA430110L20Rik,A430110L20Rik
lAldh8a1,Aldh8a1
lHddc2,Hddc2
lMical1,Mical1
lOstm1,Ostm1
lHkdc1,Hkdc1
lTspear,Tspear
lTrpm2,Trpm2
lBC025920,BC025920
lAldh1l2,Aldh1l2
lPoc1b,Poc1b
lStac3,Stac3
lRdh5,Rdh5
lGm11955,Gm11955
lEwsr1,Ewsr1
lAbca13,Abca13
lSnrnp25,Snrnp25
lGm12166,Gm12166
lFam71b,Fam71b
lTgtp2,Tgtp2
lZfp354b,Zfp354b
lSh3bp5l,Sh3bp5l
lTnfrsf13b,Tnfrsf13b
lPrpsap2,Prpsap2
lAtp2a3,Atp2a3
lZfp735,Zfp735
lGm11419,Gm11419
lLpo,Lpo
lDlx4,Dlx4
lStard3,Stard3
lGm11634,Gm11634
lDhx8,Dhx8
lCep95,Cep95
lBtbd17,Btbd17
lCd300a,Cd300a
lHid1,Hid1
lItgb4,Itgb4
lSlc25a21,Slc25a21
lRps29,Rps29
lKlhdc1,Klhdc1
lSyne2,Syne2
lSptb,Sptb
lPlekhd1,Plekhd1
lAngel1,Angel1
lAkr1c19,Akr1c19
lCmah,Cmah
lIsl1,Isl1
lComtd1,Comtd1
lPrkcd,Prkcd
lColq,Colq
lLrrc18,Lrrc18
lBcl2l2,Bcl2l2
lDefb42,Defb42
lTtll1,Ttll1
lParvb,Parvb
lParvg,Parvg
lFbln1,Fbln1
lTrmu,Trmu
lArsa,Arsa
lPam16,Pam16
lB3gnt5,B3gnt5
lSema5b,Sema5b
lParp9,Parp9
lHgd,Hgd
lRwdd2b,Rwdd2b
lKcnj15,Kcnj15
lIgsf5,Igsf5
lPrdm15,Prdm15
lPrdm9,Prdm9
lTbl3,Tbl3
lCyp4f13,Cyp4f13
lH2-DMb2,H2-DMb2
lGpank1,Gpank1
lD17H6S53E,D17H6S53E
lTrim40,Trim40
lTdrd6,Tdrd6
lYipf3,Yipf3
l1700001C19Rik,1700001C19Rik
lKif5b,Kif5b
lMkx,Mkx
lGnpda1,Gnpda1
lSpink10,Spink10
lAlpk2,Alpk2
lGrp,Grp
lArl2,Arl2
lMms19,Mms19
lLoxl4,Loxl4
lDclre1a,Dclre1a
lUcma,Ucma
lGata3,Gata3
lA930004D18Rik,A930004D18Rik
lClic3,Clic3
lTmem141,Tmem141
l1700001O22Rik,1700001O22Rik
l6330409D20Rik,6330409D20Rik
lNmi,Nmi
lHoxd3,Hoxd3
lNdufs3,Ndufs3
lNr1h3,Nr1h3
lTmco5,Tmco5
lBub1b,Bub1b
lLrrc57,Lrrc57
lEll3,Ell3
lDut,Dut
lGalk2,Galk2
lPdyn,Pdyn
lTmem230,Tmem230
lNdufaf5,Ndufaf5
lTtll9,Ttll9
lSlc2a10,Slc2a10
lSamd10,Samd10
lTsacc,Tsacc
lSema4a,Sema4a
lZbtb7b,Zbtb7b
lSelenbp1,Selenbp1
lOlfml3,Olfml3
lI830077J02Rik,I830077J02Rik
lNpnt,Npnt
lCoq3,Coq3
lSmu1,Smu1
lGm20878,Gm20878
lTex10,Tex10
lAcnat1,Acnat1
lGrin3a,Grin3a
lTlr4,Tlr4
lTctex1d1,Tctex1d1
lC8b,C8b
lPars2,Pars2
lDmrtb1,Dmrtb1
lEchdc2,Echdc2
lTtc39a,Ttc39a
lMutyh,Mutyh
lMfsd2a,Mfsd2a
lSnip1,Snip1
lDcdc2b,Dcdc2b
lCd52,Cd52
lC1qc,C1qc
lMrto4,Mrto4
lLrrc47,Lrrc47
lRbm48,Rbm48
lCcdc146,Ccdc146
lSlc26a5,Slc26a5
lGit2,Git2
lMphosph9,Mphosph9
lPor,Por
lRasa4,Rasa4
lLrwd1,Lrwd1
lMafk,Mafk
lKatnal1,Katnal1
lFam71f1,Fam71f1
lTbxas1,Tbxas1
lNdufb2,Ndufb2
lGimap6,Gimap6
lSh2d6,Sh2d6
lPcgf1,Pcgf1
lWdr54,Wdr54
lTtll3,Ttll3
lClec12a,Clec12a
lStyk1,Styk1
lBcl2l14,Bcl2l14
lTmc4,Tmc4
lTnnt1,Tnnt1
lZfp551,Zfp551
lMeis3,Meis3
lZfp61,Zfp61
lSmg9,Smg9
lFbxo27,Fbxo27
lZfp940,Zfp940
lFxyd3,Fxyd3
lHpn,Hpn
lMyh14,Myh14
lSyngr4,Syngr4
lOca2,Oca2
lTrpm1,Trpm1
lPcsk6,Pcsk6
lMogat2,Mogat2
lPde3b,Pde3b
lDoc2a,Doc2a
lIrf7,Irf7
lEps8l2,Eps8l2
lIdo2,Ido2
lAdam3,Adam3
lRnf122,Rnf122
lLrp2bp,Lrp2bp
lCep44,Cep44
lTtc29,Ttc29
lPalm3,Palm3
lMylk3,Mylk3
lTepp,Tepp
lLrrc36,Lrrc36
lCntnap4,Cntnap4
lChmp1a,Chmp1a
lGlb1l2,Glb1l2
lChek1,Chek1
lRobo3,Robo3
lAW551984,AW551984
lNnmt,Nnmt
lTmprss5,Tmprss5
lPstpip1,Pstpip1
lAnxa2,Anxa2
lFam81a,Fam81a
lAqp9,Aqp9
lMto1,Mto1
lZic4,Zic4
lBtk,Btk
lNxt2,Nxt2
lFgd1,Fgd1
lSmc1a,Smc1a
lRs1,Rs1
lTlr8,Tlr8
lMfsd9,Mfsd9
lAsnsd1,Asnsd1
lMap3k5,Map3k5
l4930404N11Rik,4930404N11Rik
lZc3h10,Zc3h10
lBloc1s1,Bloc1s1
lMtfp1,Mtfp1
lZfp354a,Zfp354a
lRad50,Rad50
lFam57a,Fam57a
lCcl5,Ccl5
lMrm1,Mrm1
lRpl23,Rpl23
lArhgap27,Arhgap27
lKctd2,Kctd2
lMif4gd,Mif4gd
lAbhd12b,Abhd12b
lSamd15,Samd15
lAnkrd9,Ankrd9
lZfp273,Zfp273
lRec8,Rec8
lZic5,Zic5
l4930562C15Rik,4930562C15Rik
lThap7,Thap7
lCcdc74a,Ccdc74a
lProdh,Prodh
lNdufb4,Ndufb4
lSpice1,Spice1
lAI413582,AI413582
lTap2,Tap2
lAtf6b,Atf6b
lNelfe,Nelfe
lVars2,Vars2
lTrim26,Trim26
lRsph9,Rsph9
lGemin6,Gemin6
lTcirg1,Tcirg1
lNpm3,Npm3
lFam166a,Fam166a
lDpp7,Dpp7
lGbgt1,Gbgt1
lGtf3c5,Gtf3c5
lZdhhc5,Zdhhc5
lAcp2,Acp2
lCrnkl1,Crnkl1
lKcnb1,Kcnb1
lGm14322,Gm14322
lE130311K13Rik,E130311K13Rik
lLrrc71,Lrrc71
lEcm1,Ecm1
lMtmr11,Mtmr11
lTox,Tox
lNfx1,Nfx1
lRab3b,Rab3b
lHpcal4,Hpcal4
lOscp1,Oscp1
lDvl1,Dvl1
lCldn12,Cldn12
lKrtcap3,Krtcap3
lLap3,Lap3
lNoa1,Noa1
l2210016L21Rik,2210016L21Rik
lGm15846,Gm15846
lThsd7a,Thsd7a
lAkr1b10,Akr1b10
lZfp637,Zfp637
lZfp110,Zfp110
lGm16184,Gm16184
lFxyd5,Fxyd5
lNudt19,Nudt19
lCc2d1a,Cc2d1a
lSh2d1a,Sh2d1a
lXlr3b,Xlr3b
lSrpk3,Srpk3
lPdk3,Pdk3
l9330185C12Rik,9330185C12Rik
lRmst,Rmst
lRian,Rian
l6230400D17Rik,6230400D17Rik
lGm16617,Gm16617
lDleu2,Dleu2
l2610037D02Rik,2610037D02Rik
l1300002E11Rik,1300002E11Rik
lGm6225,Gm6225
lMalat1,Malat1
lGm13291,Gm13291
lSox2ot,Sox2ot
l1010001B22Rik,1010001B22Rik
lMiat,Miat
l4933404O12Rik,4933404O12Rik
lDlx6os1,Dlx6os1
l4930516K23Rik,4930516K23Rik
l2610005L07Rik,2610005L07Rik
lSnhg5,Snhg5
l9330159M07Rik,9330159M07Rik
lGm15104,Gm15104
lGm17644,Gm17644
l9530026F06Rik,9530026F06Rik
lGm7609,Gm7609
lGm10516,Gm10516
lB230208H11Rik,B230208H11Rik
l4930519F09Rik,4930519F09Rik
l1810014B01Rik,1810014B01Rik
lGm4925,Gm4925
lF420014N23Rik,F420014N23Rik
lGm16034,Gm16034
lGm12264,Gm12264
lBC018473,BC018473
l3110053B16Rik,3110053B16Rik
l9330151L19Rik,9330151L19Rik
lD130020L05Rik,D130020L05Rik
lA330048O09Rik,A330048O09Rik
l4930528D03Rik,4930528D03Rik
lGm7822,Gm7822
lGm17108,Gm17108
lGm10364,Gm10364
lGm16867,Gm16867
lGm6999,Gm6999
lGm2093,Gm2093
l4930556M19Rik,4930556M19Rik
lPvt1,Pvt1
lGm17638,Gm17638
lAU022754,AU022754
l2610020C07Rik,2610020C07Rik
lA230028O05Rik,A230028O05Rik
l1700007L15Rik,1700007L15Rik
lG730013B05Rik,G730013B05Rik
l9530082P21Rik,9530082P21Rik
lGm20427,Gm20427
lA830052D11Rik,A830052D11Rik
lSnhg4,Snhg4
lA930012L18Rik,A930012L18Rik
lGm10524,Gm10524
lNeat1,Neat1
lSnhg1,Snhg1
lA330032B11Rik,A330032B11Rik
lBbip1,Bbip1
lGm14461,Gm14461
lGm14051,Gm14051
lGm14455,Gm14455
lC030034L19Rik,C030034L19Rik
lGm16740,Gm16740
l4933405D12Rik,4933405D12Rik
lGm17167,Gm17167
lGm12504,Gm12504
lSnhg3,Snhg3
lGm13061,Gm13061
l4921514A10Rik,4921514A10Rik
lSmarca5-ps,Smarca5-ps
l4933427G23Rik,4933427G23Rik
l2700038G22Rik,2700038G22Rik
l9230114K14Rik,9230114K14Rik
lCxcl11,Cxcl11
lA730020E08Rik,A730020E08Rik
lGm10069,Gm10069
l3010003L21Rik,3010003L21Rik
l2310002F09Rik,2310002F09Rik
lGm16938,Gm16938
lTead1,Tead1
l1500002F19Rik,1500002F19Rik
lGm10060,Gm10060
lGm17491,Gm17491
lSpcs3,Spcs3
lCcnb2-ps,Ccnb2-ps
lGm15507,Gm15507
lGm7616,Gm7616
lGm10653,Gm10653
l4930509E16Rik,4930509E16Rik
l4933433G15Rik,4933433G15Rik
l9430037G07Rik,9430037G07Rik
lFoxl2os,Foxl2os
lD030055H07Rik,D030055H07Rik
l3000002C10Rik,3000002C10Rik
lE530011L22Rik,E530011L22Rik
lGm14565,Gm14565
lGm15669,Gm15669
lTdrd5,Tdrd5
lGm2061,Gm2061
lA330023F24Rik,A330023F24Rik
lGm16897,Gm16897
lGm8330,Gm8330
l4930463O16Rik,4930463O16Rik
l1500026H17Rik,1500026H17Rik
l1700046C09Rik,1700046C09Rik
lGm12068,Gm12068
l4933427E13Rik,4933427E13Rik
lGm12160,Gm12160
lGm12238,Gm12238
lGm11205,Gm11205
lGm11426,Gm11426
lMir10a,Mir10a
lGm11571,Gm11571
lGm12347,Gm12347
lGm11665,Gm11665
lGm17529,Gm17529
l4930544I03Rik,4930544I03Rik
lMirg,Mirg
lA330033J07Rik,A330033J07Rik
lB130046B21Rik,B130046B21Rik
lGm16863,Gm16863
l6530411M01Rik,6530411M01Rik
lGm16386,Gm16386
lB230354K17Rik,B230354K17Rik
lGm4221,Gm4221
l4833407H14Rik,4833407H14Rik
lGm13667,Gm13667
lA330043C09Rik,A330043C09Rik
lA930006I01Rik,A930006I01Rik
lPhgr1,Phgr1
lGm14061,Gm14061
l4930556L07Rik,4930556L07Rik
l2610316D01Rik,2610316D01Rik
l4930593A02Rik,4930593A02Rik
lGm3764,Gm3764
l1700040D17Rik,1700040D17Rik
lBC021767,BC021767
lGm5544,Gm5544
l4930406D18Rik,4930406D18Rik
lGm11846,Gm11846
lGm11906,Gm11906
lGm10593,Gm10593
lGm12493,Gm12493
lGm12606,Gm12606
lGm12610,Gm12610
lGm12649,Gm12649
lGm12720,Gm12720
lGm13257,Gm13257
l9530036O11Rik,9530036O11Rik
l9630001P10Rik,9630001P10Rik
l4932441J04Rik,4932441J04Rik
lGm16579,Gm16579
l4930467D21Rik,4930467D21Rik
l5430416N02Rik,5430416N02Rik
lGfi1,Gfi1
lA430072P03Rik,A430072P03Rik
lD130017N08Rik,D130017N08Rik
l1110019D14Rik,1110019D14Rik
lGm16630,Gm16630
l4930471M09Rik,4930471M09Rik
l9530026P05Rik,9530026P05Rik
l4930554H23Rik,4930554H23Rik
lGm2115,Gm2115
lGm15133,Gm15133
l9530052E02Rik,9530052E02Rik
lGm15348,Gm15348
lGm16793,Gm16793
lGm2366,Gm2366
lGm15716,Gm15716
lGm16091,Gm16091
lGm2694,Gm2694
l9330175E14Rik,9330175E14Rik
lNlrc5,Nlrc5
lPdf,Pdf
lD030068K23Rik,D030068K23Rik
l4933417D19Rik,4933417D19Rik
lMir1900,Mir1900
l9530059O14Rik,9530059O14Rik
lDrr1,Drr1
l4930515L19Rik,4930515L19Rik
lGm14697,Gm14697
lGm4779,Gm4779
lEif2c5,Eif2c5
lGm15668,Gm15668
lC430014B12Rik,C430014B12Rik
lD930007P13Rik,D930007P13Rik
lGm13346,Gm13346
lGm14344,Gm14344
lGm16958,Gm16958
l4930423M02Rik,4930423M02Rik
lGm15522,Gm15522
lGm6116,Gm6116
l1600020E01Rik,1600020E01Rik
lGm14635,Gm14635
lGm15169,Gm15169
l1700034P13Rik,1700034P13Rik
l4930558J18Rik,4930558J18Rik
lSlco6b1,Slco6b1
l6030442K20Rik,6030442K20Rik
lAscl4,Ascl4
lGm11635,Gm11635
l9330111N05Rik,9330111N05Rik
lGm16973,Gm16973
lD930030I03Rik,D930030I03Rik
l1700026J12Rik,1700026J12Rik
lGm10505,Gm10505
lGm16191,Gm16191
lGm20460,Gm20460
l1110020A21Rik,1110020A21Rik
l1700066O22Rik,1700066O22Rik
lTmem134,Tmem134
l4930505N22Rik,4930505N22Rik
lGm13625,Gm13625
lGm14152,Gm14152
l1700029M20Rik,1700029M20Rik
l4930505K14Rik,4930505K14Rik
l1700028E10Rik,1700028E10Rik
lGm13782,Gm13782
lGm15501,Gm15501
lGm3985,Gm3985
lGm17435,Gm17435
lGm16853,Gm16853
lGm10177,Gm10177
lBC065403,BC065403
lGm16794,Gm16794
lGm14798,Gm14798
lF630028O10Rik,F630028O10Rik
l4933408J17Rik,4933408J17Rik
l6430562O15Rik,6430562O15Rik
l3110083C13Rik,3110083C13Rik
l4833422M21Rik,4833422M21Rik
l4930509G22Rik,4930509G22Rik
l4930526A20Rik,4930526A20Rik
lGm14244,Gm14244
lGm14343,Gm14343
lGm12381,Gm12381
lGm15997,Gm15997
lGm9917,Gm9917
lGm5532,Gm5532
l1700109K24Rik,1700109K24Rik
lMir155,Mir155
lGm20507,Gm20507
lGm17080,Gm17080
l1700086O06Rik,1700086O06Rik
l8430437L04Rik,8430437L04Rik
lC130080G10Rik,C130080G10Rik
lGm5535,Gm5535
lGm16685,Gm16685
l4930430E12Rik,4930430E12Rik
lGm12708,Gm12708
lGm15866,Gm15866
lGm15411,Gm15411
lGm13857,Gm13857
l1700060C16Rik,1700060C16Rik
lGm7546,Gm7546
l1700112J16Rik,1700112J16Rik
lGm15677,Gm15677
l2500002B13Rik,2500002B13Rik
lGm16845,Gm16845
lGm6787,Gm6787
lGm14493,Gm14493
l4930453H23Rik,4930453H23Rik
lFer1l5,Fer1l5
lGm15457,Gm15457
lGm16894,Gm16894
lGm10561,Gm10561
lGm11579,Gm11579
l4930587A21Rik,4930587A21Rik
lGm16028,Gm16028
lGm2619,Gm2619
lGm16025,Gm16025
lGm16092,Gm16092
lGm7592,Gm7592
lGm15389,Gm15389
lGm16081,Gm16081
lGm9530,Gm9530
lGm15486,Gm15486
lGm16587,Gm16587
lGm16701,Gm16701
lGm17224,Gm17224
lB230369F24Rik,B230369F24Rik
l4930432B10Rik,4930432B10Rik
lGm10827,Gm10827
l4930547M16Rik,4930547M16Rik
lGm15934,Gm15934
lGm16998,Gm16998
l4930467K11Rik,4930467K11Rik
lGm16145,Gm16145
lGm15343,Gm15343
lGm17249,Gm17249
lGm15990,Gm15990
lGm16280,Gm16280
l5730420D15Rik,5730420D15Rik
l4933440J02Rik,4933440J02Rik
lRdh18-ps,Rdh18-ps
lGm11999,Gm11999
lGm12018,Gm12018
lGm12022,Gm12022
l4932414J04Rik,4932414J04Rik
lGm12051,Gm12051
l1700030C12Rik,1700030C12Rik
lGm12066,Gm12066
lGm12114,Gm12114
lGm12121,Gm12121
l4930403D09Rik,4930403D09Rik
lGm12144,Gm12144
lGm12147,Gm12147
lGm12162,Gm12162
lGm11186,Gm11186
lGm10435,Gm10435
l9130213A22Rik,9130213A22Rik
lGm12315,Gm12315
lGm12326,Gm12326
lOlfr377-ps1,Olfr377-ps1
lOlfr387-ps1,Olfr387-ps1
l4930507D10Rik,4930507D10Rik
l1110028F11Rik,1110028F11Rik
lGm11497,Gm11497
lGm11529,Gm11529
lGm11629,Gm11629
lGm11626,Gm11626
lGm11551,Gm11551
l4930417O22Rik,4930417O22Rik
lAce3,Ace3
lGm11684,Gm11684
lGm11682,Gm11682
lGm11674,Gm11674
l4732490B19Rik,4732490B19Rik
l1700001J04Rik,1700001J04Rik
lGm11690,Gm11690
lGm11731,Gm11731
lGm11723,Gm11723
lGm11724,Gm11724
lGm11754,Gm11754
lGm11775,Gm11775
lGm4755,Gm4755
l4930519A11Rik,4930519A11Rik
lGm5432,Gm5432
l4933406C10Rik,4933406C10Rik
l4930426I24Rik,4930426I24Rik
l2310015A10Rik,2310015A10Rik
l4732463B04Rik,4732463B04Rik
lGm805,Gm805
l4732487G21Rik,4732487G21Rik
lA630072L19Rik,A630072L19Rik
lSerpina3h,Serpina3h
l4930465M20Rik,4930465M20Rik
l4930478K11Rik,4930478K11Rik
lGm16596,Gm16596
lA230087F16Rik,A230087F16Rik
lGm10425,Gm10425
l2810429I04Rik,2810429I04Rik
lGpr137b-ps,Gpr137b-ps
l1700092E19Rik,1700092E19Rik
l4930511O05Rik,4930511O05Rik
l4930519D14Rik,4930519D14Rik
l4930401O12Rik,4930401O12Rik
lGm11377,Gm11377
lGm11381,Gm11381
lGm15908,Gm15908
l4930550C17Rik,4930550C17Rik
l1700066J03Rik,1700066J03Rik
l1810034E14Rik,1810034E14Rik
l4930525G20Rik,4930525G20Rik
lA830009L08Rik,A830009L08Rik
lC430039J16Rik,C430039J16Rik
l4930542C16Rik,4930542C16Rik
l4930428N03Rik,4930428N03Rik
lGm10398,Gm10398
lGm2670,Gm2670
lGm2990,Gm2990
lA930038B10Rik,A930038B10Rik
l4930431P03Rik,4930431P03Rik
lA530076I17Rik,A530076I17Rik
lGm15221,Gm15221
lE130120K24Rik,E130120K24Rik
lPpp1r3e,Ppp1r3e
lGm16677,Gm16677
lGm16311,Gm16311
lGm16029,Gm16029
lGm2824,Gm2824
lGm16291,Gm16291
lGm17473,Gm17473
lGm16308,Gm16308
l1700027A07Rik,1700027A07Rik
lC230037L18Rik,C230037L18Rik
l4933438A12Rik,4933438A12Rik
l5330439K02Rik,5330439K02Rik
lA330009N23Rik,A330009N23Rik
lGm9918,Gm9918
lGm16861,Gm16861
l4632428C04Rik,4632428C04Rik
lGm15845,Gm15845
lGm16892,Gm16892
lGm15555,Gm15555
lGm15966,Gm15966
l2310043M15Rik,2310043M15Rik
l4732491K20Rik,4732491K20Rik
lGm5091,Gm5091
l9330136K24Rik,9330136K24Rik
lD630044L22Rik,D630044L22Rik
l1700022N22Rik,1700022N22Rik
lGm15318,Gm15318
l4833413E03Rik,4833413E03Rik
lGm17276,Gm17276
lGm20513,Gm20513
lC4a,C4a
lA930029G22Rik,A930029G22Rik
lC430042M11Rik,C430042M11Rik
lSix3os1,Six3os1
lGm10556,Gm10556
l4930563E18Rik,4930563E18Rik
lGm6277,Gm6277
l4930426D05Rik,4930426D05Rik
l2310026I22Rik,2310026I22Rik
lGm10544,Gm10544
lGm15345,Gm15345
lRaxos1,Raxos1
l1700061H18Rik,1700061H18Rik
l4930448D08Rik,4930448D08Rik
lGm10532,Gm10532
lA330094K24Rik,A330094K24Rik
lGm17552,Gm17552
lGm10814,Gm10814
lGm14968,Gm14968
l4930526L06Rik,4930526L06Rik
lC130060C02Rik,C130060C02Rik
lC330002G04Rik,C330002G04Rik
lD930032P07Rik,D930032P07Rik
lA930007I19Rik,A930007I19Rik
lGm7237,Gm7237
lGm17197,Gm17197
lB230217O12Rik,B230217O12Rik
lGm4219,Gm4219
l1700061F12Rik,1700061F12Rik
l1810010K12Rik,1810010K12Rik
lGm13375,Gm13375
l1700092C17Rik,1700092C17Rik
lGm13538,Gm13538
lGm13553,Gm13553
lGm13398,Gm13398
lGm13442,Gm13442
l1700019E08Rik,1700019E08Rik
lGm13465,Gm13465
lGm13467,Gm13467
lGm13485,Gm13485
lGm13522,Gm13522
lGm13575,Gm13575
lGm13598,Gm13598
lGm13613,Gm13613
lGm13662,Gm13662
lE030042O20Rik,E030042O20Rik
lA130030D18Rik,A130030D18Rik
lGm13723,Gm13723
lGm13802,Gm13802
lGm13920,Gm13920
lPax6os1,Pax6os1
lGm14014,Gm14014
lGm13923,Gm13923
lA530058N18Rik,A530058N18Rik
l4930528P14Rik,4930528P14Rik
lGm13982,Gm13982
lGm13985,Gm13985
lSpata5l1,Spata5l1
lGm14062,Gm14062
lGm14110,Gm14110
lGm14120,Gm14120
lGm14144,Gm14144
lEfcab8,Efcab8
l4933416E03Rik,4933416E03Rik
lGm14243,Gm14243
lA730032A03Rik,A730032A03Rik
lGm14321,Gm14321
lGm14235,Gm14235
lGm14261,Gm14261
lGm14258,Gm14258
lGm14264,Gm14264
lGm14640,Gm14640
l1700007M16Rik,1700007M16Rik
lGm14271,Gm14271
lGm14273,Gm14273
lGm14340,Gm14340
l1700125G22Rik,1700125G22Rik
lGm15462,Gm15462
lGm11548,Gm11548
l6430590A07Rik,6430590A07Rik
l5031434O11Rik,5031434O11Rik
l1700113A16Rik,1700113A16Rik
l4731419I09Rik,4731419I09Rik
lGm4349,Gm4349
lGm12498,Gm12498
lGm12522,Gm12522
l4930534D22Rik,4930534D22Rik
l4930539J05Rik,4930539J05Rik
l9530052C20Rik,9530052C20Rik
lGm17501,Gm17501
lAI115009,AI115009
l1700025O08Rik,1700025O08Rik
lGm11917,Gm11917
lGm12364,Gm12364
l4930509K18Rik,4930509K18Rik
lGm12404,Gm12404
lEnho,Enho
lGm12406,Gm12406
lGm3892,Gm3892
lGm568,Gm568
l4930522O17Rik,4930522O17Rik
lAI427809,AI427809
lGm12496,Gm12496
lGm12530,Gm12530
lGm12909,Gm12909
lGm12910,Gm12910
lGm12911,Gm12911
lGm11269,Gm11269
lGm12668,Gm12668
lGm12670,Gm12670
lGm830,Gm830
lGm12676,Gm12676
l0610025J13Rik,0610025J13Rik
lGm12702,Gm12702
lTmem61,Tmem61
lGm12786,Gm12786
lGm12907,Gm12907
l4930407G08Rik,4930407G08Rik
l6430628N08Rik,6430628N08Rik
lGm12863,Gm12863
l4933421A08Rik,4933421A08Rik
lGm12916,Gm12916
lGm12968,Gm12968
lGm15906,Gm15906
lE330017L17Rik,E330017L17Rik
lGm12973,Gm12973
lA930031H19Rik,A930031H19Rik
lGm12962,Gm12962
lGm16080,Gm16080
lLactbl1,Lactbl1
lGm13016,Gm13016
lGm13074,Gm13074
lGm13209,Gm13209
lGm13203,Gm13203
lGm16079,Gm16079
lGm13049,Gm13049
lBC039966,BC039966
lGm15731,Gm15731
lGm5106,Gm5106
lGm15734,Gm15734
l4921504A21Rik,4921504A21Rik
lGm15469,Gm15469
lGm15949,Gm15949
lGm15985,Gm15985
lGm3470,Gm3470
l4930401G09Rik,4930401G09Rik
lGm13839,Gm13839
lGm13838,Gm13838
l4930562A09Rik,4930562A09Rik
lGm10390,Gm10390
lGm15701,Gm15701
lD430018E03Rik,D430018E03Rik
lGm15410,Gm15410
lBC028471,BC028471
lGm20488,Gm20488
lD830026I12Rik,D830026I12Rik
lGm13850,Gm13850
lGm13855,Gm13855
lGm13860,Gm13860
lGm13861,Gm13861
lZfp783,Zfp783
l1810020O05Rik,1810020O05Rik
lGm17733,Gm17733
l4930540M05Rik,4930540M05Rik
lMir706,Mir706
lGm4651,Gm4651
lGm10319,Gm10319
l9330179D12Rik,9330179D12Rik
l2310001H17Rik,2310001H17Rik
lGm15543,Gm15543
lGm15499,Gm15499
lGm15704,Gm15704
lGm15494,Gm15494
lFam71e2,Fam71e2
l1810019N24Rik,1810019N24Rik
lGm5893,Gm5893
lGm15883,Gm15883
lGm15541,Gm15541
lGm4673,Gm4673
lG630030J09Rik,G630030J09Rik
lGm12763,Gm12763
lA330076H08Rik,A330076H08Rik
l4833412C05Rik,4833412C05Rik
lA730056A06Rik,A730056A06Rik
l2900076A07Rik,2900076A07Rik
lUsp35,Usp35
lTrim30e-ps1,Trim30e-ps1
lGm16764,Gm16764
lGm15582,Gm15582
l5830432E09Rik,5830432E09Rik
lGm16982,Gm16982
lE230013L22Rik,E230013L22Rik
l4931415C17Rik,4931415C17Rik
l4933416M07Rik,4933416M07Rik
lGm1698,Gm1698
lGm9951,Gm9951
lGm16348,Gm16348
lGm16675,Gm16675
lGm10660,Gm10660
l1700092C02Rik,1700092C02Rik
lGm4890,Gm4890
lGm2716,Gm2716
lGm10631,Gm10631
lGm10614,Gm10614
lAV064505,AV064505
lGm16754,Gm16754
lGm17508,Gm17508
lGm17540,Gm17540
lGm10687,Gm10687
l4833428L15Rik,4833428L15Rik
lGm10680,Gm10680
lGm16130,Gm16130
l4930461G14Rik,4930461G14Rik
lB230323A14Rik,B230323A14Rik
lD430036J16Rik,D430036J16Rik
lGm17118,Gm17118
lGm9888,Gm9888
lGm17399,Gm17399
lGm2449,Gm2449
lA530083I20Rik,A530083I20Rik
lGm14379,Gm14379
lA230072C01Rik,A230072C01Rik
lGm5124,Gm5124
lGm6956,Gm6956
lGm2200,Gm2200
lGm2309,Gm2309
lGm15482,Gm15482
lMagea9-ps,Magea9-ps
lGm14715,Gm14715
lGm14809,Gm14809
lGm14808,Gm14808
lGm15020,Gm15020
lGm15017,Gm15017
lGm15015,Gm15015
lGm15295,Gm15295
lA730046J19Rik,A730046J19Rik
lItih5l-ps,Itih5l-ps
lGm4750,Gm4750
lGm15241,Gm15241
lScml1,Scml1
lGm8817,Gm8817
lGm15228,Gm15228
lGm15261,Gm15261
lGm15726,Gm15726
lGm15199,Gm15199
l9230105E05Rik,9230105E05Rik
lGm12000,Gm12000
lGm15629,Gm15629
lGm15859,Gm15859
lGm20461,Gm20461
lGm14010,Gm14010
lGm15265,Gm15265
lGm17130,Gm17130
lGm15500,Gm15500
l1700128E19Rik,1700128E19Rik
lGm15156,Gm15156
lGm17017,Gm17017
lGm12059,Gm12059
lGm12714,Gm12714
l4921507G05Rik,4921507G05Rik
lCd63-ps,Cd63-ps
lGm13568,Gm13568
lGm13889,Gm13889
lGm13775,Gm13775
lGm13010,Gm13010
lC230066G23Rik,C230066G23Rik
l4930448H16Rik,4930448H16Rik
lGm15247,Gm15247
lGm10552,Gm10552
l4930596I21Rik,4930596I21Rik
lGm11959,Gm11959
lGm4926,Gm4926
lGm11683,Gm11683
lGm11131,Gm11131
lGm4577,Gm4577
lGm14553,Gm14553
lMir196a-1,Mir196a-1
lMir196a-2,Mir196a-2
lA830035A12Rik,A830035A12Rik
lH19,H19
lGm15848,Gm15848
lGm16548,Gm16548
lA430105J06Rik,A430105J06Rik
lGm12065,Gm12065
lGm12081,Gm12081
lGm12223,Gm12223
lOlfr405-ps1,Olfr405-ps1
lGm11534,Gm11534
lHoxb3os,Hoxb3os
lGm11691,Gm11691
lGm11730,Gm11730
lGm10433,Gm10433
l1700061E18Rik,1700061E18Rik
l9430065F17Rik,9430065F17Rik
lGm4211,Gm4211
lA230107N01Rik,A230107N01Rik
l1700092C10Rik,1700092C10Rik
l9930014A18Rik,9930014A18Rik
lGm17597,Gm17597
l4930578M01Rik,4930578M01Rik
lA930006K02Rik,A930006K02Rik
lGm15947,Gm15947
lGm15420,Gm15420
lGm20429,Gm20429
lGm16712,Gm16712
l2010110K18Rik,2010110K18Rik
lGm8978,Gm8978
lGm16244,Gm16244
l9430024E24Rik,9430024E24Rik
lGm13448,Gm13448
lGm13943,Gm13943
lGm13793,Gm13793
lGm13799,Gm13799
lGm13874,Gm13874
lGm13966,Gm13966
lGm14145,Gm14145
l1700028P15Rik,1700028P15Rik
lGm17308,Gm17308
lGm12426,Gm12426
lGm12681,Gm12681
lGm12860,Gm12860
l1700021L23Rik,1700021L23Rik
lPla2g2a,Pla2g2a
lGm13201,Gm13201
lGm3510,Gm3510
lGm15407,Gm15407
lGm13781,Gm13781
l1700026J14Rik,1700026J14Rik
l1700015O11Rik,1700015O11Rik
lGm15873,Gm15873
l9330104G04Rik,9330104G04Rik
l1500012K07Rik,1500012K07Rik
lGm6410,Gm6410
l4732419C18Rik,4732419C18Rik
lGm16302,Gm16302
l4930448E22Rik,4930448E22Rik
l4921509A06Rik,4921509A06Rik
lE330010L02Rik,E330010L02Rik
lGm2101,Gm2101
lGm3669,Gm3669
l1600025M17Rik,1600025M17Rik
lGm14718,Gm14718
l5730412P04Rik,5730412P04Rik
l1110002J07Rik,1110002J07Rik
lGm12198,Gm12198
l1810063I02Rik,1810063I02Rik
lGm11528,Gm11528
lGm12589,Gm12589
lGm16087,Gm16087
lGm11339,Gm11339
lGm807,Gm807
lGm15978,Gm15978
lGm13565,Gm13565
lGm14003,Gm14003
lGm14254,Gm14254
l4632411P08Rik,4632411P08Rik
lGm15749,Gm15749
lGm16567,Gm16567
lGm16306,Gm16306
lGm16336,Gm16336
l1810019D21Rik,1810019D21Rik
l4933416E14Rik,4933416E14Rik
lGm11749,Gm11749
l5033417F24Rik,5033417F24Rik
lGm15391,Gm15391
l9230116N13Rik,9230116N13Rik
l3110045C21Rik,3110045C21Rik
lGm11399,Gm11399
lGm12107,Gm12107
lGm12280,Gm12280
lGm11423,Gm11423
lGm12352,Gm12352
l1810010H24Rik,1810010H24Rik
lGm11368,Gm11368
lGm17259,Gm17259
lC330013E15Rik,C330013E15Rik
lC030010L15Rik,C030010L15Rik
lGm17251,Gm17251
l2700046G09Rik,2700046G09Rik
lGm14104,Gm14104
lGm14149,Gm14149
lAW047730,AW047730
lGm16225,Gm16225
lGm13032,Gm13032
lGm13073,Gm13073
l4930566F21Rik,4930566F21Rik
lGm13842,Gm13842
lGm15690,Gm15690
l2210417A02Rik,2210417A02Rik
lGm15706,Gm15706
lGm15888,Gm15888
l5430400D12Rik,5430400D12Rik
l2310010J17Rik,2310010J17Rik
l9030407P20Rik,9030407P20Rik
l1700122E12Rik,1700122E12Rik
lGm2464,Gm2464
lGm11479,Gm11479
lGm5766,Gm5766
lGm13647,Gm13647
lGm13299,Gm13299
lGm16224,Gm16224
lGm16014,Gm16014
l5033428I22Rik,5033428I22Rik
lVmn2r-ps111,Vmn2r-ps111
lGm13499,Gm13499
l5330411J11Rik,5330411J11Rik
l4930441J16Rik,4930441J16Rik
lGm13942,Gm13942
lAI838599,AI838599
l1700012C08Rik,1700012C08Rik
lGm13837,Gm13837
lGm2165,Gm2165
lGm16094,Gm16094
lGm17322,Gm17322
lGm8624,Gm8624
lGm17690,Gm17690
lA530020G20Rik,A530020G20Rik
lGm15792,Gm15792
lGm15200,Gm15200
lGm11947,Gm11947
lGm11192,Gm11192
l1700099I09Rik,1700099I09Rik
lGm15687,Gm15687
lC920006O11Rik,C920006O11Rik
lD930019O06Rik,D930019O06Rik
lGm15853,Gm15853
lGm17059,Gm17059
lGm14963,Gm14963
lA530006G24Rik,A530006G24Rik
lGm14174,Gm14174
l2310081O03Rik,2310081O03Rik
lGm11261,Gm11261
lGm12840,Gm12840
lBC051077,BC051077
lGm16120,Gm16120
lGm3912,Gm3912
lMtag2,Mtag2
lGm16237,Gm16237
lGm16131,Gm16131
lGm16010,Gm16010
lGm14951,Gm14951
lGm15099,Gm15099
lGas5,Gas5
lGm21769,Gm21769
lGm5621,Gm5621
lGm10292,Gm10292
lGm10358,Gm10358
lGm20796,Gm20796
lGm5698,Gm5698
lOlfr29-ps1,Olfr29-ps1
lOlfr475-ps1,Olfr475-ps1
lOlfr485,Olfr485
lOlfr489-ps1,Olfr489-ps1
lOlfr837,Olfr837
lOlfr892-ps1,Olfr892-ps1
lVmn2r-ps34,Vmn2r-ps34
lDancr,Dancr
l1700021F05Rik,1700021F05Rik
l1810032O08Rik,1810032O08Rik
lA230050P20Rik,A230050P20Rik
lAC147020.1,AC147020.1
lAkap2,Akap2
lBC030867,BC030867
lC230088H06Rik,C230088H06Rik
lC330021F23Rik,C330021F23Rik
lGcn1l1,Gcn1l1
lGm13573,Gm13573
lH2afy,H2afy
lH2afz,H2afz
lPalm2,Palm2
lPqlc1,Pqlc1
lWrb,Wrb
lAC025794.1,AC025794.1
lSssca1,Sssca1
lTmem56,Tmem56
l1810043G02Rik,1810043G02Rik
lMtss1l,Mtss1l
lIck,Ick
lHrasls,Hrasls
lAtp5f1,Atp5f1
lHrasls5,Hrasls5
lGm5514,Gm5514
lD230017M19Rik,D230017M19Rik
lGm17275,Gm17275
l4931440J10Rik,4931440J10Rik
lGm2885,Gm2885
lGdap10,Gdap10
lGm16907,Gm16907
lGm4262,Gm4262
lGm16702,Gm16702
lAA543186,AA543186
lA330069E16Rik,A330069E16Rik
lA630075F10Rik,A630075F10Rik
l2700016F22Rik,2700016F22Rik
l9530027J09Rik,9530027J09Rik
l4930455D15Rik,4930455D15Rik
l4930552P12Rik,4930552P12Rik
lGm17575,Gm17575
l2310031A07Rik,2310031A07Rik
l2010015M23Rik,2010015M23Rik
lGm17315,Gm17315
lD930016D06Rik,D930016D06Rik
l2810425M01Rik,2810425M01Rik
lA430046D13Rik,A430046D13Rik
l2010300F17Rik,2010300F17Rik
lB230344G16Rik,B230344G16Rik
lGm16755,Gm16755
l4931403G20Rik,4931403G20Rik
lC530050E15Rik,C530050E15Rik
l4930480K23Rik,4930480K23Rik
lAW121686,AW121686
lGm1322,Gm1322
lGm17250,Gm17250
lGm10822,Gm10822
lGm13762,Gm13762
lGm17281,Gm17281
lGm17619,Gm17619
lGm6634,Gm6634
l4930598A11Rik,4930598A11Rik
l4831440E17Rik,4831440E17Rik
l4932430I15Rik,4932430I15Rik
lGm10489,Gm10489
lGm8464,Gm8464
l4631405K08Rik,4631405K08Rik
lA930024N18Rik,A930024N18Rik
lGm6297,Gm6297
lGm17586,Gm17586
lB930082K07Rik,B930082K07Rik
l4930444M15Rik,4930444M15Rik
lGm14012,Gm14012
lGm26669,Gm26669
lAC149589.1,AC149589.1
lBC037034,BC037034
lD330045A20Rik,D330045A20Rik
lFam173b,Fam173b
lFam19a2,Fam19a2
lFam69b,Fam69b
lMinos1,Minos1
lMum1,Mum1
lTmem110,Tmem110
lFam19a1,Fam19a1
lFam213a,Fam213a
lFam69c,Fam69c
lGm16334,Gm16334
l1110008F13Rik,1110008F13Rik
l2410089E03Rik,2410089E03Rik
l2810474O19Rik,2810474O19Rik
l3110043O21Rik,3110043O21Rik
l9030624J02Rik,9030624J02Rik
lAI314180,AI314180
lBC003331,BC003331
lC330027C09Rik,C330027C09Rik
lDscr3,Dscr3
lFam109b,Fam109b
lFam60a,Fam60a
lFbxo18,Fbxo18
lGm21949,Gm21949
lMkl1,Mkl1
lPapd5,Papd5
lSdccag3,Sdccag3
lTmem57,Tmem57
lZcchc11,Zcchc11
lA830010M20Rik,A830010M20Rik
lNat6,Nat6
l3632451O06Rik,3632451O06Rik
l3110062M04Rik,3110062M04Rik
lAC157610.1,AC157610.1
lMicalcl,Micalcl
lOraov1,Oraov1
lTmem5,Tmem5
l1700016G14Rik,1700016G14Rik
lWisp2,Wisp2
l5730422E09Rik,5730422E09Rik
lD930048G16Rik,D930048G16Rik
lGm20506,Gm20506
l1500011K16Rik,1500011K16Rik
lGm16052,Gm16052
lU2,U2
l1600002H07Rik,1600002H07Rik
l1700112E06Rik,1700112E06Rik
l2610020H08Rik,2610020H08Rik
l2610203C20Rik,2610203C20Rik
l2810417H13Rik,2810417H13Rik
l4930415F15Rik,4930415F15Rik
l4930552N02Rik,4930552N02Rik
lA830080D01Rik,A830080D01Rik
lAtp5sl,Atp5sl
lC030027H14Rik,C030027H14Rik
lC330006A16Rik,C330006A16Rik
lCcdc53,Ccdc53
lCecr5,Cecr5
lCsrp2bp,Csrp2bp
lFam132a,Fam132a
lFam65b,Fam65b
lGbas,Gbas
lGm15487,Gm15487
lGm15800,Gm15800
lGm6792,Gm6792
lHn1,Hn1
lLect1,Lect1
lMettl10,Mettl10
lMyeov2,Myeov2
lNhp2l1,Nhp2l1
lPddc1,Pddc1
lQtrtd1,Qtrtd1
lSmek2,Smek2
lSqrdl,Sqrdl
lStra13,Stra13
lU6,U6
lUfd1l,Ufd1l
lWbscr16,Wbscr16
lWbscr17,Wbscr17
lWbscr22,Wbscr22
lWhsc1l1,Whsc1l1
l2810428I15Rik,2810428I15Rik
lBzrap1,Bzrap1
lFam179a,Fam179a
lGm11744,Gm11744
lMina,Mina
lObfc1,Obfc1
lBC029214,BC029214
lAls2cr11,Als2cr11
l2010107G23Rik,2010107G23Rik
l6330408A02Rik,6330408A02Rik
lFam64a,Fam64a
lRgag4,Rgag4
lSnhg7,Snhg7
lGm11375,Gm11375
l2310069G16Rik,2310069G16Rik
lFam150a,Fam150a
lGm12060,Gm12060
l1700019B21Rik,1700019B21Rik
l4930469G21Rik,4930469G21Rik
l9130409J20Rik,9130409J20Rik
lGm15869,Gm15869
lGm15658,Gm15658
lGm16619,Gm16619
lGm11291,Gm11291
lGm20497,Gm20497
lA830039N20Rik,A830039N20Rik
lGm15954,Gm15954
lGm13434,Gm13434
lD830044I16Rik,D830044I16Rik
lGm13834,Gm13834
lGm14818,Gm14818
l2700094K13Rik,2700094K13Rik
lAdrbk1,Adrbk1
lCarkd,Carkd
lFam73b,Fam73b
lEnthd2,Enthd2
lEpt1,Ept1
lFam101a,Fam101a
lIct1,Ict1
ll7Rn6,l7Rn6
lLrrc16a,Lrrc16a
lMllt4,Mllt4
lSelk,Selk
lSepp1,Sepp1
lSuv420h1,Suv420h1
lSuv420h2,Suv420h2
lInadl,Inadl
lSelm,Selm
lGm13763,Gm13763
lGm13753,Gm13753
l2610305D13Rik,2610305D13Rik
lBC023829,BC023829
lC030039L03Rik,C030039L03Rik
lGm12680,Gm12680
lGm13225,Gm13225
lPpp2r4,Ppp2r4
lRqcd1,Rqcd1
lAdck3,Adck3
lCcbl2,Ccbl2
l6330416G13Rik,6330416G13Rik
l1700049G17Rik,1700049G17Rik
lGm13150,Gm13150
l4930448N21Rik,4930448N21Rik
lGm9581,Gm9581
l4933433C11Rik,4933433C11Rik
lE530001K10Rik,E530001K10Rik
lGnb2l1,Gnb2l1
lHiat1,Hiat1
lHrsp12,Hrsp12
lPvrl3,Pvrl3
lRic8,Ric8
lTaf4a,Taf4a
lMfsd4,Mfsd4
lPcnxl3,Pcnxl3
lPrmt10,Prmt10
lGm13846,Gm13846
lGm11974,Gm11974
lAI854517,AI854517
lGm11705,Gm11705
l2310010G23Rik,2310010G23Rik
