gene_id,symbol,lncRNA_ID
-,AC005688.1,-
-,AC015994.1,-
-,AC021755.4,-
-,AC022409.1,-
-,AC098691.1,-
-,AL080249.2,-
-,AL162831.1,-
-,AL590482.2,-
NONHSAT070572,BC200,NONHSAT070572
-,BCYRN1P2,-
-,BDNFOS,-
-,C1orf97,-
-,C6orf176,-
-,Coxsackievirus B3(CVB3) RNA,-
-,CR612700,-
NONHSAT123989,hY1,NONHSAT123989
NONHSAT123988,hY3,NONHSAT123988
-,linc1992,-
-,linc-MD1,-
-,lincRNA-p21,-
-,linc-UBC1,-
-,LL0XNC01-157D4.1,-
-,Llme23,-
-,lncRNA-GAS5,-
-,Microrna-124,-
-,microRNA-31,-
-,miR-135,-
-,MiR-185,-
-,MiR-200a,-
-,miR-216,-
-,MIR374AHG,-
-,miR-8485,-
-,MiR-9,-
-,nc886(pre-miR-886 or vtRNA2-1),-
-,NCRNA00188,-
-,NCRNA00275,-
-,NeST,-
-,PAN RNA,-
-,PCNA-AS1,-
-,RP11-255B23.3,-
-,RP11-354P17.9,-
NONHSAG038090,RP11-453E17.1,NONHSAG038090
-,RP11-622O11.2,-
-,RP3-487J7.2,-
-,RP4-564F22.2,-
-,RP5-1182A14.1,-
NONHSAG051813,NONHSAG051813,NONHSAG051813
NONHSAG053890,NONHSAG053890,NONHSAG053890
NONHSAG053894,NONHSAG053894,NONHSAG053894
NONHSAG053896,NONHSAG053896,NONHSAG053896
NONHSAG054788,Ftx,NONHSAG054788
NONHSAG002441,RPI001_1003913,NONHSAG002441
NONHSAG004499,RPI001_1005473,NONHSAG004499
NONHSAG009340,NONHSAG009340,NONHSAG009340
NONHSAG012161,NONHSAG012161,NONHSAG012161
NONHSAG013949,MIR1792,NONHSAG013949
NONHSAG018538,RP11-473I1.10,NONHSAG018538
NONHSAG029769,NONHSAG029769,NONHSAG029769
NONHSAG050102,NONHSAG050102,NONHSAG050102
NONHSAG053306,RPI001_68334,NONHSAG053306
NONHSAG011275,LOC400043,NONHSAG011275
NONHSAG048681,NONHSAG048681,NONHSAG048681
NONHSAG040867,CTC-281B15.1,NONHSAG040867
NONHSAG026944,NONHSAG026944,NONHSAG026944
NONHSAG027869,NONHSAG027869,NONHSAG027869
NONHSAG015421,NONHSAG015421,NONHSAG015421
NONHSAG004200,RP11-318L16.6,NONHSAG004200
NONHSAG033204,NONHSAG033204,NONHSAG033204
NONHSAG006340,RP11-119F19.2,NONHSAG006340
NONHSAG048820,AC058791.2,NONHSAG048820
NONHSAG017230,NONHSAG017230,NONHSAG017230
NONHSAG054345,RP6-99M1.2,NONHSAG054345
NONHSAG038086,RP11-453E17.1,NONHSAG038086
NONHSAG041806,NONHSAG041806,NONHSAG041806
NONHSAG039783,RPI002_007291,NONHSAG039783
NONHSAG040233,CTD-2127H9.1,NONHSAG040233
NONHSAG042638,RP1-80B9.2,NONHSAG042638
NONHSAG003458,RPI001_571280,NONHSAG003458
NONHSAG050800,NONHSAG050800,NONHSAG050800
NONHSAG053112,RPI001_582290,NONHSAG053112
NONHSAG053550,RPI001_582876,NONHSAG053550
NONHSAG051648,NONHSAG051648,NONHSAG051648
NONHSAG052797,RPI001_584681,NONHSAG052797
NONHSAG004290,RPI001_586795,NONHSAG004290
NONHSAG004451,RPI001_591093,NONHSAG004451
NONHSAG012499,NONHSAG012499,NONHSAG012499
NONHSAG010767,NONHSAG010766,NONHSAG010767
NONHSAG011577,NONHSAG011577,NONHSAG011577
NONHSAG014744,NONHSAG014744,NONHSAG014744
NONHSAG019499,NONHSAG019499,NONHSAG019499
NONHSAG022087,NONHSAG022087,NONHSAG022087
NONHSAG024029,RPI001_645854,NONHSAG024029
NONHSAG004394,RPI001_654597,NONHSAG004394
NONHSAG027670,NONHSAG027670,NONHSAG027670
NONHSAG028968,RPI001_656523,NONHSAG028968
NONHSAG030746,RPI001_659880,NONHSAG030746
NONHSAG027947,RPI001_662252,NONHSAG027947
NONHSAG028462,NONHSAG028462,NONHSAG028462
NONHSAG031536,RPI001_666981,NONHSAG031536
NONHSAG000448,RP11-169K16.9,NONHSAG000448
NONHSAG032718,RPI001_669620,NONHSAG032718
NONHSAG034146,RPI001_671896,NONHSAG034146
-,RUNXOR,-
-,Sat III lncRNA,-
NONHSAT081696,scAlu RNA,NONHSAT081696
-,SCARNA18.2,-
-,SChLAP1,-
-,SNORA22.3,-
-,SNORA62.4,-
-,SNORD19.1,-
-,SNORD19B.1,-
NONHSAT007687,SNORD47,NONHSAT007687
-,SNORD56.6,-
-,SNORD57.1,-
NONHSAT028837,SNORD59B,NONHSAT028837
-,SNORD63.1,-
NONHSAT007703,SNORD76,NONHSAT007703
NONHSAT007689,SNORD80,NONHSAT007689
-,snoU2-30.1,-
-,snR39B.2,-
-,SOX2OT,-
-,TERRA,-
-,TFEB-Alpha,-
-,TVASS,-
-,U8.4,-
NONHSAT104229,vRNA,NONHSAT104229
-,mer11c,-
-,l1pa16,-
-,mdm2-as,-
-,Y3 RNA,-
-,gtl2,-
-,tie-1as,-
-,uc.460,-
-,uc.446,-
-,uc.379,-
-,uc.364,-
-,uc.350,-
-,uc.347,-
-,uc.279,-
-,ï¿½MYCN,-
-,MBII-52,-
-,nkx2.2as,-
-,HFE antisense RNA,-
-,antisense mRNAs of HAS2,-
-,antisense c-myc RNA,-
-,iNOS AS,-
-,ANCR,-
-,HAS2-AS1 RNA,-
-,91H,-
-,Msx1 AS RNA,-
-,CDKN1C-AS,-
NONHSAT067369,HBII-180C,NONHSAT067369
-,TrxR antisense RNA,-
-,GlmY,-
-,GlmZ,-
-,anti-NOS2A RNA,-
NONHSAG016302,IPW,NONHSAG016302
-,antisense N-myc RNA,-
-,PEG3-AS1,-
-,CLC gal4,-
-,antisense BCMA RNA,-
-,DLG2-AS1,-
-,E2F4 antisense,-
-,21A,-
-,ncRNA B2,-
-,CDKN1A-AS1,-
NONHSAT123987,hY4,NONHSAT123987
NONHSAT123986,hY5,NONHSAT123986
-,A2LD1,-
-,ABC12-49244600F4.3,-
NONHSAG048711,AC000364.1,NONHSAG048711
-,AC002115.6,-
-,AC002116.5,-
-,AC004080.12,-
-,AC004410.1,-
-,AC005041.9,-
-,AC005301.5,-
NONHSAG049274,AC005534.9,NONHSAG049274
-,AC005682.5-001,-
-,AC005726.6,-
-,AC005971.3,-
NONHSAG048223,AC006378.3,NONHSAG048223
NONHSAG027466,AC007401.1,NONHSAG027466
-,AC008073.6,-
-,AC008280.5,-
NONHSAG025440,AC008992.2,NONHSAG025440
-,AC009475.2,-
NONHSAG030501,AC009492.1,NONHSAG030501
NONHSAG029727,AC010127.5,NONHSAG029727
-,AC010282.1,-
NONHSAG024279,AC010507.5,NONHSAG024279
NONHSAG028607,AC012307.3,NONHSAG028607
-,AC012652.1,-
NONHSAG029357,AC016725.4,NONHSAG029357
NONHSAG029914,AC017048.4,NONHSAG029914
-,AC017096.1,-
NONHSAG048823,AC018642.1,NONHSAG048823
-,AC018816.4,-
-,AC019349.2,-
-,AC022415.5,-
-,AC027323.1,-
-,AC064853.4,-
-,AC068152.2,-
-,AC068831.8,-
-,AC069146.2,-
NONHSAG030482,AC073321.3,NONHSAG030482
-,AC073321.5,-
-,AC073995.2,-
-,AC074093.1,-
-,AC078937.4,-
-,AC079767.2,-
-,AC083883.1,-
-,AC087590.3,-
-,AC090421.1,-
NONHSAG048885,AC091736.10,NONHSAG048885
-,AC092031.1,-
-,AC092295.5,-
NONHSAG027124,AC092594.1,NONHSAG027124
NONHSAG034776,AC093415.2,NONHSAG034776
-,AC093484.6,-
-,AC093734.11,-
-,AC098971.2,-
-,AC100748.2,-
-,AC108134.5,-
-,AC114772.1,-
NONHSAG007422,AC129929.5,NONHSAG007422
-,AC131971.3,-
-,AC135352.2,-
-,AC141846.4-001,-
-,ACCN1,-
-,ACCN4,-
NONHSAG036237,ACPL2,NONHSAG036237
-,ACSL5_RAT,-
NONHSAG004750,Actn2,NONHSAG004750
-,ADAM1,-
NONHSAG046746,NONHSAG046744,NONHSAG046746
NONHSAG000971,ADC,NONHSAG000971
NONHSAG049162,NONHSAG049159,NONHSAG049162
-,AGPHD1,-
-,Agtr1b,-
-,AGXT2L2,-
NONHSAG033022,Aire,NONHSAG033022
-,AKD1,-
-,AKIRIN2-AS1,-
NONHSAT138557,AL109749.1,NONHSAT138557
-,AL136219.1,-
-,AL138968.1,-
-,AL353715.1,-
-,AL358175.1,-
-,ALS2CR8,-
-,ANKRD5,-
-,ANKRD57,-
-,ANUBL1,-
-,AP000295.7,-
NONHSAG009910,AP000783.2,NONHSAG009910
NONHSAG032992,AP001052.9,NONHSAG032992
NONHSAG008653,AP003068.6,NONHSAG008653
NONHSAG008640,NONHSAG008639,NONHSAG008640
-,ATPBD4,-
NONHSAG034147,RPI002_004205,NONHSAG034147
-,B2RYX0_RAT,-
-,B7H6,-
-,Bat1,-
-,BI1_RAT,-
NONHSAG032109,NONHSAG032107,NONHSAG032109
-,BOD1L,-
-,BRP44,-
-,BRP44L,-
-,BX004987.5,-
NONHSAG052225,BX088645.3,NONHSAG052225
-,C10orf114,-
NONHSAG006914,C10orf118,NONHSAG006914
NONHSAG007135,C10orf137,NONHSAG007135
-,C10orf140,-
-,C10orf18,-
-,C10orf26,-
-,C10orf28,-
-,C10orf46,-
-,C10orf47,-
-,C10orf57,-
-,C10orf58,-
-,C10orf81,-
-,C11orf10,-
-,C11orf2,-
-,C11orf41,-
-,C11orf46,-
-,C11orf61,-
-,C11orf67,-
-,C11orf75,-
NONHSAG009218,C11orf82,NONHSAG009218
-,C12orf11,-
-,C12orf24,-
-,C12orf26,-
-,C12orf28,-
-,C12orf32,-
-,C12orf35,-
NONHSAG010655,C12orf39,NONHSAG010655
-,C12orf41,-
NONHSAG011180,C12orf44,NONHSAG011180
-,C12orf48,-
-,C12orf51,-
-,C12orf53,-
-,C12orf62,-
-,C13orf16,-
-,C13orf27,-
-,C14orf101,-
-,C14orf102,-
-,C14orf118,-
-,C14orf126,-
-,C14orf129,-
-,C14orf133,-
-,C14orf135,-
-,C14orf149,-
NONHSAG014484,C14orf164,NONHSAG014484
-,C14orf165,-
-,C14orf167,-
-,C14orf21,-
-,C14orf43,-
-,C14orf49,-
-,C15orf23,-
-,C15orf24,-
-,C15orf29,-
-,C15orf33,-
-,C15orf42,-
-,C15orf44,-
NONHSAG016605,NONHSAG016604,NONHSAG016605
-,C16orf42,-
-,C16orf53,-
-,C16orf57,-
-,C16orf61,-
-,C16orf88,-
-,C17orf37,-
-,C17orf39,-
-,C17orf42,-
-,C17orf48,-
-,C17orf63,-
-,C17orf69,-
NONHSAG022486,C17orf72,NONHSAG022486
-,C17orf79,-
-,C17orf81,-
-,C17orf90,-
-,C18orf1,-
-,C18orf10,-
-,C18orf19,-
-,C18orf45,-
-,C18orf55,-
-,C19orf2,-
-,C19orf20,-
-,C19orf22,-
-,C19orf28,-
-,C19orf42,-
-,C19orf50,-
NONHSAG025606,C19orf55,NONHSAG025606
-,C19orf6,-
-,C1orf114,-
-,C1orf124,-
-,C1orf130,-
-,C1orf135,-
-,C1orf144,-
-,C1orf151,-
-,C1orf151-NBL1,-
-,C1orf183,-
-,C1orf201,-
-,C1orf212,-
NONHSAG001031,RN7SL281P,NONHSAG001031
-,C1orf31,-
NONHSAG002846,C1orf51,NONHSAG002846
-,C1orf55,-
-,C1orf9,-
-,C1orf96,-
-,C20orf11,-
-,C20orf111,-
NONHSAG031608,C20orf112,NONHSAG031608
-,C20orf12,-
-,C20orf177,-
-,C20orf20,-
-,C20orf29,-
-,C20orf3,-
-,C20orf30,-
-,C20orf4,-
-,C20orf43,-
-,C20orf7,-
-,C20orf72,-
-,C20orf94,-
-,C21orf34,-
-,C21orf63,-
-,C21orf70,-
-,C22orf13,-
-,C22orf28,-
-,C22orf32,-
-,C2orf18,-
-,C2orf28,-
-,C2orf29,-
-,C2orf3,-
-,C2orf56,-
-,C2orf63,-
-,C2orf67,-
-,C2orf77,-
-,C2orf89,-
-,C3orf19,-
-,C3orf21,-
-,C3orf23,-
-,C3orf26,-
-,C3orf32,-
-,C3orf37,-
-,C3orf63,-
-,C3orf64,-
NONHSAG036206,C3orf72,NONHSAG036206
-,C3orf75,-
NONHSAG034464,C3orf83,NONHSAG034464
-,C4orf14,-
NONHSAG038661,C4orf21,NONHSAG038661
-,C4orf41,-
-,C4orf43,-
-,C4orf44,-
-,C4orf49,-
-,C5orf13,-
-,C5orf25,-
-,C5orf32,-
-,C5orf35,-
-,C5orf41,-
-,C5orf43,-
-,C5orf44,-
-,C5orf53,-
-,C6orf103,-
-,C6orf108,-
-,C6orf115,-
-,C6orf125,-
-,C6orf138,-
-,C6orf145,-
-,C6orf162,-
-,C6orf168,-
-,C6orf170,-
-,C6orf174,-
-,C6orf192,-
-,C6orf204,-
-,C6orf225,-
-,C6orf228,-
-,C6orf35,-
-,C6orf64,-
NONHSAG045489,C6orf70,NONHSAG045489
-,C6orf72,-
-,C6orf94,-
-,C6orf97,-
NONHSAG047424,C7orf10,NONHSAG047424
-,C7orf11,-
-,C7orf23,-
-,C7orf30,-
-,C7orf36,-
-,C7orf42,-
-,C7orf44,-
-,C7orf46,-
-,C7orf53,-
-,C7orf59,-
-,C7orf64,-
-,C7orf68,-
-,C7orf74,-
-,C8orf38,-
-,C8orf41,-
-,C8orf42,-
-,C8orf83,-
-,C9orf100,-
-,C9orf102,-
NONHSAG051763,C9orf123,NONHSAG051763
-,C9orf125,-
-,C9orf130,-
-,C9orf150,-
-,C9orf167,-
-,C9orf174,-
-,C9orf25,-
-,C9orf30,-
-,C9orf5,-
-,C9orf6,-
-,C9orf80,-
-,C9orf82,-
-,C9orf86,-
-,C9orf93,-
-,C9orf95,-
NONHSAG053696,C9orf96,NONHSAG053696
NONHSAG024926,Cacna1a,NONHSAG024926
-,CALX_RAT,-
-,CAMSAP1L1,-
NONHSAG002513,Casq2,NONHSAG002513
NONHSAG039499,CCDC111,NONHSAG039499
-,CCDC144C,-
-,CCDC165,-
NONHSAG001217,NONHSAG001216,NONHSAG001217
NONHSAG011948,CCDC41,NONHSAG011948
-,Ccdc55,-
-,CCDC72,-
-,CCDC75,-
-,CCDC76,-
-,CCDC90A,-
-,CCDC99,-
-,CD81_RAT,-
-,CENPC1,-
-,CG030,-
-,CHCHD8,-
NONHSAG019472,NONHSAG019471,NONHSAG019472
-,CHP,-
-,chr11-FR028703-23269,-
-,chr11-FR245606-35340,-
-,chr13-FR135042-30690,-
-,chr13-FR256058-24238,-
-,chr14-FR362452-2269,-
-,chr16-FR278331-11483,-
-,chr16-FR310292-30818,-
-,chr16-FR321534-26174,-
-,chr17-FR000329-32976,-
-,chr17-FR314587-25602,-
-,chr17-FR372796-16389,-
-,chr19-FR316847-34909,-
-,chr1-FR059386-15801,-
-,chr1-FR135923-36128,-
-,chr20-FR203864-13370,-
-,chr21-FR086978-28246,-
-,chr22-FR007226-20854,-
-,chr2-FR305718-6142,-
-,chr6-FR274916-16986,-
-,chr7-FR140858-6493,-
-,chr7-FR247632-20543,-
-,chr9-FR229439-35912,-
-,chrM-FR023255-38771,-
-,chrM-FR090905-11512,-
-,chrM-FR145575-9657,-
-,chrM-FR301889-19540,-
-,chrY-FR264146-36847,-
NONHSAG028608,AC012307.3,NONHSAG028608
-,CLTC-IT1,-
-,CNIH,-
-,CNO,-
NONHSAG011661,NONHSAG011659,NONHSAG011661
-,COBRA1,-
NONHSAG036045,NONHSAG036044,NONHSAG036045
-,COX4NB,-
-,CSDA,-
-,CTA-204B4.6,-
NONHSAG033788,CTA-714B7.5,NONHSAG033788
NONHSAG041917,CTB-46E9.1,NONHSAG041917
NONHSAG025113,CTB-52I2.8,NONHSAG025113
NONHSAG041374,CTC-210G5.1,NONHSAG041374
NONHSAG020823,CTC-297N7.5,NONHSAG020823
-,CTC-358I24.1,-
-,CTC-454M9.1,-
-,CTC-459F4.2,-
NONHSAG019769,CTC-479C5.16,NONHSAG019769
-,CTC-497E21.4,-
-,CTD-2172A10.1,-
NONHSAG040131,CTD-2206G10.1,NONHSAG040131
NONHSAG017443,CTD-2235H24.2,NONHSAG017443
-,CTD-2292M16.2,-
-,CTD-2320O4.2,-
NONHSAG017329,CTD-2524L6.2,NONHSAG017329
NONHSAG017990,CTD-2536I1.1,NONHSAG017990
-,CTD-2552B11.4,-
-,CTD-2561B21.9,-
-,CTD-2653M23.2,-
-,CTD-3094K11.2,-
NONHSAG024660,CTD-3193O13.9,NONHSAG024660
-,CTD-3212A4.1,-
-,CTND2_RAT,-
-,CTPS,-
-,Ctsl1,-
-,Cugbp1,-
-,Cugbp2,-
-,CXorf59,-
-,D3Z881_RAT,-
-,D3Z8C3_RAT,-
-,D3ZAP7_RAT,-
-,D3ZC56_RAT,-
-,D3ZD75_RAT,-
-,D3ZER6_RAT,-
-,D3ZFG4_RAT,-
-,D3ZG60_RAT,-
-,D3ZGN7_RAT,-
-,D3ZGQ8_RAT,-
-,D3ZJN6_RAT,-
-,D3ZKE1_RAT,-
-,D3ZKK1_RAT,-
-,D3ZLP7_RAT,-
-,D3ZMH4_RAT,-
-,D3ZPY1_RAT,-
-,D3ZQL1_RAT,-
-,D3ZT11_RAT,-
-,D3ZWF6_RAT,-
-,D3ZZ51_RAT,-
-,D4A0X2_RAT,-
-,D4A2E5_RAT,-
-,D4A3V4_RAT,-
-,D4A440_RAT,-
-,D4A4D8_RAT,-
-,D4A5C1_RAT,-
-,D4A8R8_RAT,-
-,D4A932_RAT,-
-,D4A9L2_RAT,-
-,D4AA98_RAT,-
-,D4AAC6_RAT,-
-,D4AAX7_RAT,-
-,D4ACY5_RAT,-
-,D4ADB5_RAT,-
-,D4ADI0_RAT,-
-,D4ADX8_RAT,-
-,D4AEE8_RAT,-
-,D4AEL2_RAT,-
NONHSAG053327,DBC1,NONHSAG053327
-,DCDC5,-
-,DCUN1D2-AS1,-
NONHSAG047571,Ddc,NONHSAG047571
-,DEM1,-
-,DIMT1L,-
NONHSAG024833,DKFZP761J1410,NONHSAG024833
-,DLK1-MEG3,-
-,DMD_RAT,-
-,Dullard,-
-,E9PT29_RAT,-
-,E9PTQ6_RAT,-
-,E9PU51_RAT,-
-,EEF1E1-MUTED,-
-,EFHA1,-
-,EFHA2,-
-,EIF2C1,-
-,EIF2C2,-
-,EIF2C3,-
-,Eif2c4,-
-,ENSRNOG00000043714,-
-,ENSRNOG00000043888,-
-,ENSRNOG00000043936,-
-,ENSRNOG00000044277,-
-,ENSRNOG00000045250,-
-,ENSRNOG00000045415,-
-,F1LM72_RAT,-
-,F1LN59_RAT,-
-,F1LR02_RAT,-
-,F1LTC9_RAT,-
-,F1LTV5_RAT,-
-,F1LVC8_RAT,-
-,F1LW69_RAT,-
-,F1LWK7_RAT,-
-,F1LXW6_RAT,-
-,F1LYU1_RAT,-
-,F1LYV3_RAT,-
-,F1M0M8_RAT,-
-,F1M111_RAT,-
-,F1M131_RAT,-
-,F1M184_RAT,-
-,F1M1I7_RAT,-
-,F1M1L4_RAT,-
-,F1M244_RAT,-
-,F1M2I7_RAT,-
-,F1M2V4_RAT,-
-,F1M3G8_RAT,-
-,F1M3H5_RAT,-
-,F1M3I5_RAT,-
-,F1M3Y7_RAT,-
-,F1M407_RAT,-
-,F1M472_RAT,-
-,F1M4A5_RAT,-
-,F1M4H3_RAT,-
-,F1M4M6_RAT,-
-,F1M4Q3_RAT,-
-,F1M4W8_RAT,-
-,F1M5C9_RAT,-
-,F1M5E5_RAT,-
-,F1M5L3_RAT,-
-,F1M5M5_RAT,-
-,F1M692_RAT,-
-,F1M710_RAT,-
-,F1M767_RAT,-
-,F1M891_RAT,-
-,F1M8C9_RAT,-
-,F1M8Z8_RAT,-
-,F1M913_RAT,-
-,F1M9H2_RAT,-
-,F1M9U3_RAT,-
-,F1MA68_RAT,-
-,F1MA77_RAT,-
-,FAM100B,-
-,FAM108B1,-
-,FAM108C1,-
-,FAM113A,-
-,FAM116A,-
-,FAM116B,-
-,FAM123A,-
-,FAM123B,-
-,FAM125A,-
-,FAM125B,-
-,FAM164A,-
-,FAM165B,-
-,FAM18B1,-
-,FAM18B2,-
-,FAM18B2-CDRT4,-
-,FAM190A,-
-,FAM190B,-
NONHSAG013423,FAM194B,NONHSAG013423
-,FAM21_RAT,-
NONHSAG020959,FAM211A,NONHSAG020959
NONHSAG033527,FAM211B,NONHSAG033527
NONHSAG005802,FAM25B,NONHSAG005802
-,FAM35B2,-
-,FAM36A,-
-,FAM38A,-
-,FAM38B,-
-,FAM40B,-
-,FAM48A,-
-,FAM54A,-
-,FAM54B,-
-,FAM55C,-
-,FAM59A,-
-,FAM59B,-
NONHSAG003556,FAM5B,NONHSAG003556
NONHSAG003782,FAM5C,NONHSAG003782
-,FAM82A1,-
-,FAM82A2,-
-,FAM82B,-
NONHSAG042225,NONHSAG042223,NONHSAG042225
-,FKBP1A-SDCBP2,-
-,FR023255,-
-,FR025691,-
-,FR090335,-
-,FR145575,-
-,FTSJD1,-
NONHSAG043689,FTSJD2,NONHSAG043689
-,Fv1,-
-,GALNTL1,-
-,GALNTL4,-
-,GAS5-008,-
NONHSAG028879,RPI002_005656,NONHSAG028879
-,GCFC1,-
-,GCFC1-AS1,-
NONHSAG017003,Gcom1,NONHSAG017003
NONHSAG049143,RPI002_000334,NONHSAG049143
-,GLT25D1,-
-,GLT25D2,-
-,GRINL1A,-
NONHSAG055456,GS1-256O22.1,NONHSAG055456
-,GTPBP5,-
-,HEATR7A,-
-,HEATR8,-
NONHSAG038408,Herc3,NONHSAG038408
NONHSAG038404,Herc3,NONHSAG038404
-,Hisppd2a,-
NONHSAG011560,NONHSAG011559,NONHSAG011560
NONHSAG021852,NONHSAG021851,NONHSAG021852
-,HMGN2P42,-
-,HNRPDL,-
-,HNRPLL,-
-,Hnrpm,-
-,HOXA11-AS1,-
NONHSAG024940,hsa-mir-1199,NONHSAG024940
NONHSAG008127,AC023085.1,NONHSAG008127
NONHSAG017626,NONHSAG017625,NONHSAG017626
-,IL28RA,-
NONHSAG028994,NONHSAG028989,NONHSAG028994
-,IL6RB_RAT,-
NONHSAG038183,IL8,NONHSAG038183
-,Inadl2,-
NONHSAG048950,NONHSAG048949,NONHSAG048950
-,JUB,-
-,KBTBD5,-
-,KCC2D_RAT,-
-,KIAA0090,-
-,KIAA0146,-
-,KIAA0174,-
-,KIAA0182,-
-,KIAA0240,-
-,KIAA0317,-
-,KIAA0494,-
-,KIAA0528,-
-,KIAA0564,-
-,KIAA0664L3,-
-,KIAA0776,-
-,KIAA0889,-
NONHSAG017622,KIAA1199,NONHSAG017622
-,KIAA1267,-
-,KIAA1274,-
-,KIAA1310,-
-,KIAA1370,-
-,KIAA1409,-
-,KIAA1539,-
NONHSAG013398,KIAA1704,NONHSAG013398
NONHSAG015540,KIAA1737,NONHSAG015540
-,KIAA1797,-
-,KIAA1804,-
-,KIAA1826,-
-,KIAA1949,-
NONHSAG049730,KIAA1967,NONHSAG049730
NONHSAG053813,KIAA1984-AS1,NONHSAG053813
-,KLHDC5,-
-,KLRAQ1,-
-,KMCP1_RAT,-
NONHSAG026121,NONHSAG026120,NONHSAG026121
-,Larp5,-
-,Lilrb3l,-
NONHSAG043152,LINC00340,NONHSAG043152
NONHSAG013774,RPI002_002590,NONHSAG013774
NONHSAG035667,NONHSAG035666,NONHSAG035667
NONHSAG055541,LL0XNC01-37G1.1,NONHSAG055541
-,LOC100128023,-
-,LOC100128590,-
-,LOC100129361,-
-,LOC100129716,-
-,LOC100130357,-
-,LOC100130522,-
-,LOC100130581,-
-,LOC100130705,-
-,LOC100132273,-
-,LOC100133315,-
-,LOC100287765,-
-,LOC100293516,-
-,LOC100360009,-
-,LOC100360334,-
-,LOC100360403,-
-,LOC100360406,-
-,LOC100360518,-
-,LOC100360920,-
-,LOC100499227,-
-,LOC100499466,-
-,LOC100499467,-
-,LOC100506305,-
-,LOC100506866,-
-,LOC100506930,-
-,LOC100507246,-
-,LOC100507421,-
-,LOC100507495,-
-,LOC100616668,-
-,LOC144438,-
-,LOC147670,-
-,LOC147727,-
-,LOC148189,-
-,LOC220906,-
-,LOC283174,-
-,LOC283624,-
-,LOC284023,-
-,LOC284408,-
-,LOC285577,-
-,LOC286189,-
-,LOC288521,-
-,LOC304725,-
-,LOC305633,-
-,LOC311134,-
-,LOC313707,-
-,LOC314655,-
-,LOC338758,-
-,LOC339894,-
-,LOC344967,-
-,LOC387647,-
-,LOC388630,-
-,LOC389831,-
-,LOC390940,-
-,LOC401022,-
-,LOC498933,-
-,LOC499715,-
-,LOC500046,-
-,LOC500350,-
-,LOC501302,-
-,LOC502176,-
-,LOC550112,-
-,LOC645206,-
NONHSAG037011,LOC647323,NONHSAG037011
-,LOC647946,-
-,LOC647979,-
-,LOC678655,-
-,LOC678704,-
-,LOC680036,-
-,LOC681849,-
-,LOC687320,-
-,LOC728558,-
-,LOC729178,-
-,LOC729603,-
-,LOC729852,-
-,LOC80054,-
-,LOC81691,-
-,LPP_RAT,-
-,LRRC68,-
NONHSAG030924,Lrrfip1,NONHSAG030924
NONHSAG030922,Lrrfip1,NONHSAG030922
NONHSAG011240,NONHSAG011239,NONHSAG011240
NONHSAG055399,NONHSAG055397,NONHSAG055399
-,MCART1,-
-,MCART6,-
-,METTL19,-
-,METTL21D,-
NONHSAG049477,RPI002_004820,NONHSAG049477
-,MGC12982,-
NONHSAG007681,Mical2,NONHSAG007681
NONHSAG007677,Mical2,NONHSAG007677
-,MiR-193a,-
-,MIR205HG-002,-
-,miR-297,-
-,miR-299,-
NONHSAG039500,MLF1IP,NONHSAG039500
-,MLL,-
-,MLL2,-
-,MLL3,-
-,MLL4,-
-,MLL5,-
-,MOBKL1A,-
-,MOBKL1B,-
-,MOBKL2A,-
-,MOBKL2B,-
-,MOSC1,-
-,MOSC2,-
-,MT-TF-201,-
-,MUDENG,-
-,MUTED,-
-,MUTED-TXNDC5,-
NONHSAG024705,Myo1f,NONHSAG024705
NONHSAG009149,NONHSAG009148,NONHSAG009149
-,MYPT1_RAT,-
-,NADKD1,-
-,Narg1,-
NONHSAG037132,LOC152217,NONHSAG037132
-,NCRNA00116,-
-,NCRNA00159,-
-,NCRNA00174,-
-,NCRNA00176,-
-,NCRNA00263,-
-,NCRNA00310,-
-,NELF,-
NONHSAG006782,NEURL,NONHSAG006782
-,NEXN_RAT,-
NONHSAG040306,NIM1,NONHSAG040306
-,NT5C3,-
-,NT5C3L,-
NONHSAG034129,CTA-217C2.1,NONHSAG034129
-,OBFC2A,-
-,OBFC2B,-
-,ODZ1,-
-,ODZ2,-
-,ODZ3,-
-,ODZ4,-
-,OST48_RAT,-
-,PALLD_RAT,-
-,PARP4-AS1,-
NONHSAG037104,NONHSAG037102,NONHSAG037104
NONHSAG007345,NONHSAG007344,NONHSAG007345
-,PHOCN,-
-,PHOSPHO2-KLHL23,-
-,piRNA,-
-,PKM2,-
NONHSAG008421,PLAC1L,NONHSAG008421
-,PLDN,-
NONHSAG032125,NONHSAG032124,NONHSAG032125
-,POU4F1-AS1,-
NONHSAG017449,NONHSAG017447,NONHSAG017449
-,PPPDE1,-
NONHSAG041838,NONHSAG041837,NONHSAG041838
-,PRKN2_RAT,-
NONHSAG039067,PRMT10,NONHSAG039067
-,PRNCR1 (also known as PCAT8),-
-,PSPC1-OT1,-
NONHSAG005831,PTPN20B,NONHSAG005831
NONHSAG006649,NONHSAG006646,NONHSAG006649
-,Q66HF5_RAT,-
-,Qk,-
-,RAB39,-
NONHSAG004067,RAB7L1,NONHSAG004067
NONHSAG048406,RABL5,NONHSAG048406
-,RAGE,-
-,RBAK-LOC389458,-
NONHSAG053379,NONHSAG053377,NONHSAG053379
-,RFPL3-AS1,-
-,RG9MTD1,-
-,RG9MTD2,-
-,RG9MTD3,-
-,RGD1305254,-
-,RGD1306151,-
-,RGD1306437,-
-,RGD1309079,-
-,RGD1309437,-
-,RGD1311861,-
-,RGD1561065,-
-,RGD1562608,-
-,RGD1562890,-
-,RGD1563224,-
-,RGD1563296,-
-,RGD1563680,-
-,RGD1564943,-
-,RGD1565927,-
-,RGD1566017,-
-,RGNEF,-
NONHSAG054561,NONHSAG054560,NONHSAG054561
-,RL7A_RAT,-
-,rno-let-7a-1,-
-,rno-let-7a-2,-
-,rno-let-7b,-
-,rno-mir-10a,-
-,rno-mir-122,-
-,rno-mir-125a,-
-,rno-mir-141,-
-,rno-mir-142,-
-,rno-mir-145,-
-,rno-mir-16,-
-,rno-mir-186,-
-,rno-mir-18a,-
-,rno-mir-191,-
-,rno-mir-193,-
-,rno-mir-196b,-
-,rno-mir-19a,-
-,rno-mir-200a,-
-,rno-mir-200c,-
-,rno-mir-203,-
-,rno-mir-205,-
-,rno-mir-20a,-
-,rno-mir-21,-
-,rno-mir-210,-
-,rno-mir-22,-
-,rno-mir-221,-
-,rno-mir-222,-
-,rno-mir-223,-
-,rno-mir-23b,-
-,rno-mir-26a,-
-,rno-mir-296,-
-,rno-mir-29c,-
-,rno-mir-30a,-
-,rno-mir-30d,-
-,rno-mir-30e,-
-,rno-mir-31,-
-,rno-mir-320,-
-,rno-mir-338,-
-,rno-mir-34a,-
-,rno-mir-34c,-
-,rno-mir-423,-
-,rno-mir-425,-
-,rno-mir-451,-
-,rno-mir-505,-
-,rno-mir-93,-
-,RNU2-2,-
-,ROD1,-
NONHSAG054483,RP11-104D21.3,NONHSAG054483
-,RP11-1058B10.1,-
NONHSAG007260,RP11-108K14.4,NONHSAG007260
-,RP11-108L7.7,-
-,RP11-1094M14.11-001,-
-,RP11-10O17.2,-
NONHSAG052232,RP11-111G23.1,NONHSAG052232
-,RP11-113K21.5,-
-,RP11-118B22.2,-
-,RP11-119F7.4,-
-,RP11-122A8.4,-
-,RP11-124N14.4,-
NONHSAG051645,RP11-125B21.2,NONHSAG051645
-,RP11-125K10.4,-
-,RP11-1334A24.4,-
NONHSAG004314,RP11-135J2.4,NONHSAG004314
NONHSAG054044,RP11-142G7.2,NONHSAG054044
NONHSAG016512,RP11-150L8.4,NONHSAG016512
-,RP11-151N17.2,-
NONHSAG017653,RP11-152F13.7,NONHSAG017653
-,RP11-152N13.11,-
NONHSAG025343,RP11-15H20.5,NONHSAG025343
-,RP11-15J6.1,-
-,RP11-160E2.13,-
NONHSAG050324,RP11-163N6.2,NONHSAG050324
-,RP11-163O17.1,-
-,RP11-164A7.1,-
NONHSAG019185,RP11-170L3.8,NONHSAG019185
NONHSAG052585,RP11-171A24.3,NONHSAG052585
-,RP11-172F4.5,-
-,RP11-177A2.4,-
-,RP11-179H18.2,-
-,RP11-181C3.2,-
-,RP11-184I16.2,-
-,RP11-18A3.4,-
-,RP11-18C24.6,-
NONHSAG020080,RP11-18F14.1,NONHSAG020080
NONHSAG002821,RP11-196G18.21,NONHSAG002821
-,RP11-197N18.4,-
-,RP11-1A16.1,-
NONHSAG041101,RP11-1E3.1,NONHSAG041101
-,RP11-204J18.3,-
NONHSAG000051,RP11-206L10.11,NONHSAG000051
-,RP11-20I23.12,-
NONHSAG054855,RP11-217H19.1,NONHSAG054855
NONHSAG039581,RP11-219G10.3,NONHSAG039581
NONHSAG045135,RP11-244K5.1,NONHSAG045135
-,RP11-245J9.2,-
NONHSAG033714,RP11-247I13.7,NONHSAG033714
NONHSAG013589,RP11-24H2.2,NONHSAG013589
NONHSAG054124,RP11-24O6.2,NONHSAG054124
-,RP11-252P19.3,-
-,RP11-255G12.1,-
-,RP11-258A12.3,-
NONHSAG052409,RP11-262H14.1,NONHSAG052409
-,RP11-265M18.2,-
NONHSAG017637,NONHSAG017636,NONHSAG017637
-,RP11-27G13.2,-
-,RP11-27M15.1,-
-,RP11-282D2.2,-
-,RP11-282D2.4,-
-,RP11-282D2.5,-
-,RP11-282D2.6,-
NONHSAG048775,RP11-286H14.6,NONHSAG048775
-,RP11-290D2.4,-
-,RP11-291L22.3,-
-,RP11-296K13.1,-
-,RP11-29A1.3,-
NONHSAG044272,RP11-30P6.3,NONHSAG044272
-,RP11-311D14.2,-
-,RP11-313D6.4,-
-,RP11-314P12.2,-
-,RP11-315C6.3,-
NONHSAG015473,RP11-316E14.6,NONHSAG015473
-,RP11-316M1.11,-
-,RP11-319I23.3,-
-,RP11-31E23.1,-
NONHSAG002458,RP11-31F15.1,NONHSAG002458
-,RP11-322M19.1,-
-,RP11-323F5.2,-
NONHSAG052016,RP11-326F20.5,NONHSAG052016
-,RP11-329L6.1,-
-,RP11-331F9.10-001,-
NONHSAG022407,RP11-332H18.4,NONHSAG022407
NONHSAG029676,RP11-334E15.2,NONHSAG029676
-,RP11-334J6.4,-
NONHSAG037519,RP11-341G5.1,NONHSAG037519
NONHSAG050413,RP11-346I3.4,NONHSAG050413
NONHSAG002263,RP11-347K2.2,NONHSAG002263
NONHSAG013270,RP11-349O10.1,NONHSAG013270
-,RP11-354E23.2,-
NONHSAG017594,RP11-358L4.1,NONHSAG017594
-,RP11-361M10.5,-
NONHSAG019042,RP11-368N21.4,NONHSAG019042
NONHSAG055091,RP1-136J15.3,NONHSAG055091
-,RP11-373L8.2,-
NONHSAG004383,RP11-378J18.3,NONHSAG004383
NONHSAG007134,RP11-383C5.7,NONHSAG007134
NONHSAG038732,NONHSAG038731,NONHSAG038732
NONHSAG043891,RPI002_004533,NONHSAG043891
NONHSAG026957,RP11-385J23.1,NONHSAG026957
NONHSAG031597,RP11-392M18.5,NONHSAG031597
-,RP11-392O18.1,-
-,RP11-392P7.8,-
-,RP11-398C13.4,-
NONHSAG051908,RP11-399D6.2,NONHSAG051908
-,RP11-403C10.2,-
NONHSAG019563,RP11-407G23.3,NONHSAG019563
-,RP11-409K20.8,-
-,RP11-411N4.1,-
NONHSAG001064,RP11-422J8.1,NONHSAG001064
NONHSAG013076,RP11-428O18.4,NONHSAG013076
-,RP11-429B14.2,-
-,RP11-429G19.2,-
-,RP11-429J17.6,-
-,RP11-430B1.4,-
NONHSAG036526,RP11-431I8.1,NONHSAG036526
-,RP11-436I9.2,-
NONHSAG038292,RP11-438E5.1,NONHSAG038292
NONHSAG045032,RP11-439L18.3,NONHSAG045032
-,RP11-43D2.6,-
-,RP11-443D10.2,-
-,RP11-446H18.3,-
-,RP11-447D11.2,-
NONHSAG036405,RP11-454C18.2,NONHSAG036405
-,RP11-45M22.1,-
NONHSAG035384,RP11-460N16.1,NONHSAG035384
NONHSAG040380,RP11-461C13.1,NONHSAG040380
NONHSAG018032,RP11-461F11.1,NONHSAG018032
NONHSAG031882,RP11-465L10.7,NONHSAG031882
-,RP11-467L20.9,-
-,RP11-473M20.15,-
-,RP11-473M20.8,-
NONHSAG054848,RP11-475D8.1,NONHSAG054848
-,RP11-480D4.3,-
-,RP11-492E3.1,-
NONHSAG002766,RP11-495P10.2,NONHSAG002766
NONHSAG019904,RP11-498D10.4,NONHSAG019904
-,RP11-498J9.4,-
NONHSAG019867,RP11-49C24.1,NONHSAG019867
-,RP11-4B14.2,-
-,RP11-4K3__A.2,-
-,RP1-14N1.2,-
-,RP11-500G10.1,-
NONHSAG007058,RP11-500G22.2,NONHSAG007058
NONHSAG013856,RP11-501G7.1,NONHSAG013856
-,RP11-501H19.4,-
-,RP11-502I4.1,-
-,RP11-504G3.1,-
-,RP11-508M1.3,-
NONHSAG051670,RP11-509J21.3,NONHSAG051670
NONHSAG005904,RP11-50E11.3,NONHSAG005904
NONHSAG044755,RP11-510H23.1,NONHSAG044755
-,RP11-510J16.3,-
-,RP11-510M2.10,-
NONHSAG001373,RP11-511I2.2,NONHSAG001373
-,RP11-511I2.5,-
-,RP11-518D3.1,-
-,RP11-518L10.2,-
NONHSAG052978,RP11-520B13.4,NONHSAG052978
-,RP11-520F9.2,-
-,RP11-528L24.3,-
-,RP11-534G20.3,-
-,RP11-540A21.3,-
-,RP11-54A22.1,-
-,RP11-551L14.5,-
-,RP11-56D16.2,-
-,RP11-573I11.2,-
-,RP11-574K11.16,-
NONHSAG037387,NONHSAG037386,NONHSAG037387
-,RP11-58B17.1,-
NONHSAG005883,RP11-592B15.3,NONHSAG005883
NONHSAG010534,RP11-59H1.3,NONHSAG010534
-,RP11-5N23.2,-
NONHSAG038882,RPI002_001442,NONHSAG038882
-,RP11-615I2.7,-
-,RP11-616K22.3,-
-,RP11-622K12.1-003,-
NONHSAG050258,RP11-628E19.3,NONHSAG050258
NONHSAG038098,RP11-646E20.6,NONHSAG038098
-,RP11-64K12.2,-
-,RP11-65F13.2,-
-,RP11-67L3.6,-
-,RP11-697K23.1,-
-,RP11-697M17.1,-
-,RP11-705O3.1,-
-,RP11-70F11.6,-
-,RP1-170O19.2,-
NONHSAG047188,RP1-170O19.20,NONHSAG047188
NONHSAG047187,RP1-170O19.21,NONHSAG047187
-,RP11-70O5.1,-
NONHSAG028196,RP11-711M9.1,NONHSAG028196
-,RP11-713B9.1,-
-,RP11-718G2.3,-
-,RP11-718G2.4,-
NONHSAG036712,RP11-71G7.1,NONHSAG036712
-,RP11-725C19.1,-
-,RP11-738E22.2,-
NONHSAG002006,RP11-76N22.2,NONHSAG002006
-,RP1-177G6.2,-
-,RP11-783N5.1,-
-,RP1-178F15.3,-
-,RP11-795G3.3,-
-,RP11-796E2.3,-
-,RP11-79P5.6,-
-,RP11-79P5.8,-
NONHSAG038072,RP11-807H7.1,NONHSAG038072
NONHSAG004963,NONHSAG004962,NONHSAG004963
NONHSAG023235,NONHSAG023234,NONHSAG023235
NONHSAG014680,RP11-85K15.2,NONHSAG014680
-,RP11-874J12.1,-
-,RP1-187N21.2,-
-,RP11-884K10.5,-
-,RP11-88G17.2,-
-,RP11-89C21.2,-
NONHSAG036123,RP11-91K8.1,NONHSAG036123
-,RP11-939C17.2,-
-,RP11-93I21.3-001,-
NONHSAG038818,RP11-93L9.1,NONHSAG038818
-,RP11-941F15.1,-
NONHSAG023406,RP11-973H7.2,NONHSAG023406
-,RP11-9E13.2,-
-,RP1-211D12.3,-
-,RP1-239B22.1,-
NONHSAG043301,RP1-265C24.9,NONHSAG043301
-,RP1-278C19.3,-
NONHSAG054829,RP1-279N11.1,NONHSAG054829
-,RP1-283E3.3,-
NONHSAG033770,RP1-302D9.4,NONHSAG033770
-,RP1-309F20.2,-
NONHSAG053923,RP13-297E16.3,NONHSAG053923
-,RP13-507I23.1,-
NONHSAG017659,RP13-996F3.3,NONHSAG017659
NONHSAG020505,RP1-59D14.6,NONHSAG020505
-,RP1-66E7.1,-
NONHSAG042935,NONHSAG042934,NONHSAG042935
-,RP3-402G11.5,-
-,RP3-410B11.1-001,-
-,RP3-410C9.1-003,-
NONHSAG033697,RP3-412A9.10,NONHSAG033697
-,RP3-486B10.1,-
-,RP4-541C22.4,-
NONHSAG031095,RP4-545L17.7,NONHSAG031095
-,RP4-550H1.6,-
NONHSAG055176,RP4-562J12.2,NONHSAG055176
-,RP4-594I10.2,-
NONHSAG048951,RP4-659J6.2,NONHSAG048951
NONHSAG002435,RP4-671G15.3,NONHSAG002435
-,RP4-677H15.6,-
NONHSAG031531,RP4-694B14.5,NONHSAG031531
-,RP4-751H13.6,-
-,RP4-761I2.2,-
-,RP4-773N10.5,-
NONHSAG001622,RP4-794H19.2,NONHSAG001622
NONHSAG001629,RP4-794H19.4,NONHSAG001629
-,RP4-811H24.6,-
-,RP5-1007M22.3,-
-,RP5-1068E13.3,-
-,RP5-1096D14.2,-
NONHSAG055074,RP5-820B18.3,NONHSAG055074
-,RP5-848E13.3,-
NONHSAG031834,RP5-881L22.4,NONHSAG031834
-,RP5-894A10.5,-
-,RP5-907D15.2,-
NONHSAG031705,RP5-977B1.11,NONHSAG031705
NONHSAG031890,RP5-981L23.1,NONHSAG031890
NONHSAG019946,RP5-991G20.4,NONHSAG019946
-,RP5-997D24.5,-
NONHSAG054877,RP6-33F8.1,NONHSAG054877
-,RP6-99M1.2-002,-
NONHSAG004424,RPI001_1005307,NONHSAG004424
NONHSAG004641,RPI001_1005621,NONHSAG004641
NONHSAG004973,RPI001_1006092,NONHSAG004973
NONHSAG012197,NONHSAG012197,NONHSAG012197
NONHSAG012160,NONHSAG012160,NONHSAG012160
NONHSAG012928,NONHSAG012928,NONHSAG012928
NONHSAG019920,NONHSAG019920,NONHSAG019920
NONHSAG028276,RPI001_1021361,NONHSAG028276
NONHSAG029515,NONHSAG029515,NONHSAG029515
NONHSAG032806,RPI001_1024353,NONHSAG032806
NONHSAG033686,NONHSAG033686,NONHSAG033686
NONHSAG037718,NONHSAG037718,NONHSAG037718
NONHSAG003131,NONHSAG003131,NONHSAG003131
NONHSAG048712,RPI001_1036742,NONHSAG048712
NONHSAG053893,NONHSAG053893,NONHSAG053893
NONHSAG014479,NONHSAG014479,NONHSAG014479
NONHSAG014272,RPI001_116503,NONHSAG014272
NONHSAG002664,NONHSAG002664,NONHSAG002664
NONHSAG013235,NONHSAG013235,NONHSAG013235
NONHSAG006191,NONHSAG006191,NONHSAG006191
NONHSAG020914,NONHSAG020914,NONHSAG020914
NONHSAG047159,NONHSAG047159,NONHSAG047159
NONHSAG052455,NONHSAG052455,NONHSAG052455
NONHSAG029361,NONHSAG029361,NONHSAG029361
NONHSAG029282,RPI001_210527,NONHSAG029282
NONHSAG003319,RPI001_22540,NONHSAG003319
NONHSAG044256,NONHSAG044256,NONHSAG044256
NONHSAG035613,NONHSAG035613,NONHSAG035613
NONHSAG014879,NONHSAG014879,NONHSAG014879
NONHSAG014028,RPI001_33301,NONHSAG014028
NONHSAG036655,RPI001_346674,NONHSAG036655
NONHSAG000779,RPI001_381026,NONHSAG000779
NONHSAG000908,RPI001_381294,NONHSAG000908
NONHSAG002025,RPI001_384003,NONHSAG002025
NONHSAG003626,RPI001_386441,NONHSAG003626
NONHSAG004076,RPI001_387177,NONHSAG004076
NONHSAG005109,RPI001_389484,NONHSAG005109
NONHSAG006110,RPI001_391623,NONHSAG006110
NONHSAG007181,NONHSAG007181,NONHSAG007181
NONHSAG014200,RPI001_407976,NONHSAG014200
NONHSAG021733,NONHSAG021733,NONHSAG021733
NONHSAG021880,NONHSAG021880,NONHSAG021880
NONHSAG021881,NONHSAG021881,NONHSAG021881
NONHSAG026804,RPI001_430396,NONHSAG026804
NONHSAG028187,RPI001_433602,NONHSAG028187
NONHSAG029060,RPI001_434718,NONHSAG029060
NONHSAG030827,RPI001_439182,NONHSAG030827
NONHSAG032048,RPI001_441946,NONHSAG032048
NONHSAG033560,RPI001_444658,NONHSAG033560
NONHSAG039651,NONHSAG039651,NONHSAG039651
NONHSAT104085,RPI001_463301,NONHSAT104085
NONHSAG041984,NONHSAG041984,NONHSAG041984
NONHSAG052134,NONHSAG052134,NONHSAG052134
NONHSAG052484,NONHSAG052484,NONHSAG052484
NONHSAG052770,RPI001_484213,NONHSAG052770
NONHSAG040294,NONHSAG040294,NONHSAG040294
NONHSAG042930,RPI001_58889,NONHSAG042930
NONHSAG045269,RPI001_60984,NONHSAG045269
NONHSAG047852,NONHSAG047852,NONHSAG047852
NONHSAG053305,RPI001_68334,NONHSAG053305
NONHSAG047017,RPI001_694604,NONHSAG047017
NONHSAG052710,NONHSAG052710,NONHSAG052710
NONHSAG013933,RPI001_835180,NONHSAG013933
NONHSAG013937,RPI001_835181,NONHSAG013937
NONHSAG022536,RPI001_836818,NONHSAG022536
NONHSAG031592,RPI001_838559,NONHSAG031592
NONHSAG033174,RPI001_839007,NONHSAG033174
NONHSAG044105,RPI001_841198,NONHSAG044105
NONHSAG053466,RPI001_843104,NONHSAG053466
NONHSAG007165,RPI001_847010,NONHSAG007165
NONHSAG030438,NONHSAG030438,NONHSAG030438
NONHSAG027628,RPI001_890633,NONHSAG027628
NONHSAG031419,RPI001_893866,NONHSAG031419
NONHSAG032222,RPI001_894629,NONHSAG032222
NONHSAG051253,NONHSAG051253,NONHSAG051253
NONHSAG053855,NONHSAG053855,NONHSAG053855
NONHSAG002667,NONHSAG002667,NONHSAG002667
NONHSAG002668,NONHSAG002668,NONHSAG002668
NONHSAG002778,NONHSAG002778,NONHSAG002778
NONHSAG004414,NONHSAG004414,NONHSAG004414
NONHSAG004470,NONHSAG004470,NONHSAG004470
NONHSAG015957,NONHSAG015957,NONHSAG015957
NONHSAG016728,NONHSAG016728,NONHSAG016728
NONHSAG017871,NONHSAG017871,NONHSAG017871
NONHSAG022585,NONHSAG022585,NONHSAG022585
NONHSAG037086,NONHSAG037086,NONHSAG037086
NONHSAG037159,NONHSAG037159,NONHSAG037159
NONHSAG046806,NONHSAG046806,NONHSAG046806
NONHSAG047632,NONHSAG047632,NONHSAG047632
NONHSAG054271,RPI001_940041,NONHSAG054271
NONHSAG002126,NONHSAG002126,NONHSAG002126
NONHSAG033011,NONHSAG033011,NONHSAG033011
NONHSAG043309,NONHSAG043309,NONHSAG043309
NONHSAG027834,NONHSAG027834,NONHSAG027834
NONHSAG021888,NONHSAG021888,NONHSAG021888
NONHSAG041084,NONHSAG041084,NONHSAG041084
NONHSAG013511,NONHSAG013511,NONHSAG013511
NONHSAG008351,NONHSAG008351,NONHSAG008351
NONHSAG053686,RPI002_000174,NONHSAG053686
NONHSAG044973,NONHSAG044973,NONHSAG044973
NONHSAG003494,NONHSAG003494,NONHSAG003494
NONHSAG016301,NONHSAG016301,NONHSAG016301
NONHSAG014291,NONHSAG014291,NONHSAG014291
NONHSAG051621,NONHSAG051621,NONHSAG051621
NONHSAG050510,NONHSAG050510,NONHSAG050510
NONHSAG011409,NONHSAG011409,NONHSAG011409
NONHSAG014747,NONHSAG014747,NONHSAG014747
NONHSAG020029,NONHSAG020029,NONHSAG020029
NONHSAG033420,NONHSAG033417,NONHSAG033420
NONHSAG049427,NONHSAG049427,NONHSAG049427
NONHSAG002662,NONHSAG002662,NONHSAG002662
NONHSAG008571,NONHSAG008571,NONHSAG008571
NONHSAG017197,NONHSAG017197,NONHSAG017197
NONHSAG012010,NONHSAG012010,NONHSAG012010
NONHSAG029788,NONHSAG029788,NONHSAG029788
NONHSAG040960,NONHSAG040960,NONHSAG040960
NONHSAG032339,NONHSAG032339,NONHSAG032339
NONHSAG052288,NONHSAG052288,NONHSAG052288
NONHSAG000481,NONHSAG000481,NONHSAG000481
NONHSAG033310,NONHSAG033310,NONHSAG033310
NONHSAG034824,NONHSAG034824,NONHSAG034824
NONHSAG003483,LOC100506023,NONHSAG003483
NONHSAG054148,NONHSAG054148,NONHSAG054148
NONHSAG014949,NONHSAG014949,NONHSAG014949
NONHSAG005832,NONHSAG005832,NONHSAG005832
NONHSAG011169,NONHSAG011169,NONHSAG011169
NONHSAG009694,NONHSAG009694,NONHSAG009694
NONHSAG002672,NONHSAG002672,NONHSAG002672
NONHSAG011424,NONHSAG011424,NONHSAG011424
NONHSAG032771,NONHSAG032771,NONHSAG032771
NONHSAG012428,RPI002_000848,NONHSAG012428
NONHSAG030122,NONHSAG030122,NONHSAG030122
NONHSAG042009,NONHSAG042009,NONHSAG042009
NONHSAG017893,NONHSAG017893,NONHSAG017893
NONHSAG031603,NONHSAG031603,NONHSAG031603
NONHSAG043854,NONHSAG043854,NONHSAG043854
NONHSAG017463,NONHSAG017463,NONHSAG017463
NONHSAG017287,NONHSAG017287,NONHSAG017287
NONHSAG021788,NONHSAG021788,NONHSAG021788
NONHSAG033441,NONHSAG033441,NONHSAG033441
NONHSAG033449,NONHSAG033449,NONHSAG033449
NONHSAG030627,NONHSAG030627,NONHSAG030627
NONHSAG031978,NONHSAG031978,NONHSAG031978
NONHSAG008305,RPI002_000982,NONHSAG008305
NONHSAG047028,NONHSAG047028,NONHSAG047028
NONHSAG005074,NONHSAG005074,NONHSAG005074
NONHSAG002868,NONHSAG002868,NONHSAG002868
NONHSAG009179,NONHSAG009179,NONHSAG009179
NONHSAG004711,NONHSAG004711,NONHSAG004711
NONHSAG052429,NONHSAG052429,NONHSAG052429
NONHSAG013001,NONHSAG013001,NONHSAG013001
NONHSAG001608,NONHSAG001608,NONHSAG001608
NONHSAG041800,NONHSAG041800,NONHSAG041800
NONHSAG033253,NONHSAG033253,NONHSAG033253
NONHSAG006552,NONHSAG006552,NONHSAG006552
NONHSAG038400,NONHSAG038400,NONHSAG038400
NONHSAG038401,NONHSAG038401,NONHSAG038401
NONHSAG042600,NONHSAG042600,NONHSAG042600
NONHSAG019748,NONHSAG019748,NONHSAG019748
NONHSAG043646,NONHSAG043646,NONHSAG043646
NONHSAG043647,NONHSAG043647,NONHSAG043647
NONHSAG044425,NONHSAG044425,NONHSAG044425
NONHSAG052698,NONHSAG052696,NONHSAG052698
NONHSAG001864,NONHSAG001864,NONHSAG001864
NONHSAG022942,NONHSAG022942,NONHSAG022942
NONHSAG039672,NONHSAG039672,NONHSAG039672
NONHSAG043721,NONHSAG043721,NONHSAG043721
NONHSAG053130,NONHSAG053130,NONHSAG053130
NONHSAG043380,NONHSAG043380,NONHSAG043380
NONHSAG006657,NONHSAG006657,NONHSAG006657
NONHSAG043372,NONHSAG043372,NONHSAG043372
NONHSAG015632,NONHSAG015632,NONHSAG015632
NONHSAG007265,NONHSAG007265,NONHSAG007265
NONHSAG010571,NONHSAG010571,NONHSAG010571
NONHSAG024194,NONHSAG024194,NONHSAG024194
NONHSAG032611,NONHSAG032611,NONHSAG032611
NONHSAG052794,NONHSAG052794,NONHSAG052794
NONHSAG051664,NONHSAG051664,NONHSAG051664
NONHSAG053984,NONHSAG053984,NONHSAG053984
NONHSAG049394,NONHSAG049393,NONHSAG049394
NONHSAG038854,NONHSAG038854,NONHSAG038854
NONHSAG006343,NONHSAG006343,NONHSAG006343
NONHSAG046797,NONHSAG046797,NONHSAG046797
NONHSAG024547,NONHSAG024547,NONHSAG024547
NONHSAG026993,NONHSAG026993,NONHSAG026993
NONHSAG013312,NONHSAG013312,NONHSAG013312
NONHSAG021508,NONHSAG021508,NONHSAG021508
NONHSAG023863,NONHSAG023863,NONHSAG023863
NONHSAG003609,NONHSAG003609,NONHSAG003609
NONHSAG028743,NONHSAG028743,NONHSAG028743
NONHSAG031447,NONHSAG031447,NONHSAG031447
NONHSAG008704,NONHSAG008704,NONHSAG008704
NONHSAG011836,NONHSAG011836,NONHSAG011836
NONHSAG007102,NONHSAG007102,NONHSAG007102
NONHSAG048507,NONHSAG048507,NONHSAG048507
NONHSAG027410,RPI002_001561,NONHSAG027410
NONHSAG027416,NONHSAG027416,NONHSAG027416
NONHSAG018191,NONHSAG018191,NONHSAG018191
NONHSAG011744,RPI002_001572,NONHSAG011744
NONHSAG034153,NONHSAG034153,NONHSAG034153
NONHSAG034151,NONHSAG034151,NONHSAG034151
NONHSAG038306,NONHSAG038306,NONHSAG038306
NONHSAG021011,NONHSAG021011,NONHSAG021011
NONHSAG035357,NONHSAG035357,NONHSAG035357
NONHSAG039478,RPI002_001594,NONHSAG039478
NONHSAG039479,NONHSAG039479,NONHSAG039479
NONHSAG042657,NONHSAG042657,NONHSAG042657
NONHSAG037449,NONHSAG037449,NONHSAG037449
NONHSAG009898,RPI002_001606,NONHSAG009898
NONHSAG043147,NONHSAG043147,NONHSAG043147
NONHSAG001206,NONHSAG001206,NONHSAG001206
NONHSAG001205,NONHSAG001205,NONHSAG001205
NONHSAG029937,NONHSAG029937,NONHSAG029937
NONHSAG028043,NONHSAG028043,NONHSAG028043
NONHSAG028044,RPI002_001640,NONHSAG028044
NONHSAG002799,NONHSAG002799,NONHSAG002799
NONHSAG016345,NONHSAG016345,NONHSAG016345
NONHSAG007316,NONHSAG007316,NONHSAG007316
NONHSAG018837,NONHSAG018837,NONHSAG018837
NONHSAG042549,NONHSAG042549,NONHSAG042549
NONHSAG030611,NONHSAG030611,NONHSAG030611
NONHSAG046924,NONHSAG046924,NONHSAG046924
NONHSAG046925,NONHSAG046925,NONHSAG046925
NONHSAG006425,NONHSAG006425,NONHSAG006425
NONHSAG019676,NONHSAG019676,NONHSAG019676
NONHSAG010053,NONHSAG010053,NONHSAG010053
NONHSAG010059,RPI002_001733,NONHSAG010059
NONHSAG049081,RPI002_001735,NONHSAG049081
NONHSAG024147,NONHSAG024147,NONHSAG024147
NONHSAG001580,RPI002_001748,NONHSAG001580
NONHSAG001588,NONHSAG001588,NONHSAG001588
NONHSAG032134,NONHSAG032134,NONHSAG032134
NONHSAG030400,NONHSAG030400,NONHSAG030400
NONHSAG043577,NONHSAG043577,NONHSAG043577
NONHSAG043478,NONHSAG043478,NONHSAG043478
NONHSAG002690,NONHSAG002690,NONHSAG002690
NONHSAG026819,NONHSAG026819,NONHSAG026819
NONHSAG010214,NONHSAG010214,NONHSAG010214
NONHSAG014843,NONHSAG014843,NONHSAG014843
NONHSAG027809,NONHSAG027809,NONHSAG027809
NONHSAG016052,RPI002_001804,NONHSAG016052
NONHSAG045271,NONHSAG045271,NONHSAG045271
NONHSAG048746,NONHSAG048746,NONHSAG048746
NONHSAG048747,NONHSAG048747,NONHSAG048747
NONHSAG042235,NONHSAG042235,NONHSAG042235
NONHSAG040868,NONHSAG040868,NONHSAG040868
NONHSAG014220,NONHSAG014220,NONHSAG014220
NONHSAG015178,NONHSAG015178,NONHSAG015178
NONHSAG053441,NONHSAG053441,NONHSAG053441
NONHSAG021280,NONHSAG021280,NONHSAG021280
NONHSAG028362,NONHSAG028362,NONHSAG028362
NONHSAG037563,NONHSAG037563,NONHSAG037563
NONHSAG037564,NONHSAG037564,NONHSAG037564
NONHSAG045498,NONHSAG045498,NONHSAG045498
NONHSAG040988,RPI002_001932,NONHSAG040988
NONHSAG002835,NONHSAG002835,NONHSAG002835
NONHSAG003011,NONHSAG003011,NONHSAG003011
NONHSAG008671,NONHSAG008671,NONHSAG008671
NONHSAG027384,NONHSAG027384,NONHSAG027384
NONHSAG029715,NONHSAG029715,NONHSAG029715
NONHSAG011360,NONHSAG011360,NONHSAG011360
NONHSAG023412,NONHSAG023412,NONHSAG023412
NONHSAG053478,NONHSAG053478,NONHSAG053478
NONHSAG036884,NONHSAG036884,NONHSAG036884
NONHSAG048052,NONHSAG048052,NONHSAG048052
NONHSAG001998,NONHSAG001998,NONHSAG001998
NONHSAG001995,NONHSAG001995,NONHSAG001995
NONHSAG016971,NONHSAG016971,NONHSAG016971
NONHSAG014601,NONHSAG014601,NONHSAG014601
NONHSAG004465,NONHSAG004465,NONHSAG004465
NONHSAG017728,NONHSAG017728,NONHSAG017728
NONHSAG037494,NONHSAG037494,NONHSAG037494
NONHSAG051921,NONHSAG051921,NONHSAG051921
NONHSAG031891,NONHSAG031891,NONHSAG031891
NONHSAG003775,NONHSAG003775,NONHSAG003775
NONHSAG044787,NONHSAG044787,NONHSAG044787
NONHSAG002429,NONHSAG002429,NONHSAG002429
NONHSAG047126,NONHSAG047126,NONHSAG047126
NONHSAG053197,NONHSAG053197,NONHSAG053197
NONHSAG051268,NONHSAG051268,NONHSAG051268
NONHSAG038263,NONHSAG038263,NONHSAG038263
NONHSAG013348,NONHSAG013348,NONHSAG013348
NONHSAG042086,NONHSAG042086,NONHSAG042086
NONHSAG025395,NONHSAG025395,NONHSAG025395
NONHSAG031753,NONHSAG031753,NONHSAG031753
NONHSAG009498,NONHSAG009498,NONHSAG009498
NONHSAG047376,NONHSAG047376,NONHSAG047376
NONHSAG027563,NONHSAG027563,NONHSAG027563
NONHSAG014111,NONHSAG014111,NONHSAG014111
NONHSAG050381,NONHSAG050381,NONHSAG050381
NONHSAG029206,NONHSAG029206,NONHSAG029206
NONHSAG034987,NONHSAG034987,NONHSAG034987
NONHSAG043259,NONHSAG043259,NONHSAG043259
NONHSAG000463,NONHSAG000463,NONHSAG000463
NONHSAG037160,NONHSAG037160,NONHSAG037160
NONHSAG044948,NONHSAG044947,NONHSAG044948
NONHSAG006700,NONHSAG006700,NONHSAG006700
NONHSAG004390,NONHSAG004390,NONHSAG004390
NONHSAG028975,NONHSAG028975,NONHSAG028975
NONHSAG013848,NONHSAG013848,NONHSAG013848
NONHSAG010795,NONHSAG010795,NONHSAG010795
NONHSAG050220,NONHSAG050220,NONHSAG050220
NONHSAG035300,NONHSAG035300,NONHSAG035300
NONHSAG001130,RPI002_002373,NONHSAG001130
NONHSAG001131,RPI002_002374,NONHSAG001131
NONHSAG039481,RPI002_002376,NONHSAG039481
NONHSAG039480,RPI002_002377,NONHSAG039480
NONHSAG032074,NONHSAG032074,NONHSAG032074
NONHSAG026083,NONHSAG026083,NONHSAG026083
NONHSAG054698,RPI002_002414,NONHSAG054698
NONHSAG011400,NONHSAG011400,NONHSAG011400
NONHSAG054862,NONHSAG054862,NONHSAG054862
NONHSAG049240,RPI002_002441,NONHSAG049240
NONHSAG038835,NONHSAG038835,NONHSAG038835
NONHSAG050410,NONHSAG050410,NONHSAG050410
NONHSAG031201,NONHSAG031201,NONHSAG031201
NONHSAG043645,NONHSAG043645,NONHSAG043645
NONHSAG002505,NONHSAG002505,NONHSAG002505
NONHSAG053831,NONHSAG053831,NONHSAG053831
NONHSAG053834,NONHSAG053834,NONHSAG053834
NONHSAG017351,NONHSAG017351,NONHSAG017351
NONHSAG000955,RPI002_002489,NONHSAG000955
NONHSAG041551,RPI002_002492,NONHSAG041551
NONHSAG044699,RPI002_002496,NONHSAG044699
NONHSAG024634,NONHSAG024634,NONHSAG024634
NONHSAG008664,NONHSAG008664,NONHSAG008664
NONHSAG041396,NONHSAG041396,NONHSAG041396
NONHSAG001559,RPI002_002550,NONHSAG001559
NONHSAG004318,NONHSAG004318,NONHSAG004318
NONHSAG052776,NONHSAG052776,NONHSAG052776
NONHSAG026313,NONHSAG026313,NONHSAG026313
NONHSAG026312,NONHSAG026312,NONHSAG026312
NONHSAG026311,NONHSAG026311,NONHSAG026311
NONHSAG021966,NONHSAG021966,NONHSAG021966
NONHSAG014014,NONHSAG014014,NONHSAG014014
NONHSAG035651,NONHSAG035650,NONHSAG035651
NONHSAG035658,NONHSAG035658,NONHSAG035658
NONHSAG049379,NONHSAG049379,NONHSAG049379
NONHSAG014893,NONHSAG014893,NONHSAG014893
NONHSAG006015,NONHSAG006015,NONHSAG006015
NONHSAG014933,NONHSAG014933,NONHSAG014933
NONHSAG036646,NONHSAG036646,NONHSAG036646
NONHSAG000743,NONHSAG000743,NONHSAG000743
NONHSAG043717,NONHSAG043717,NONHSAG043717
NONHSAG035921,NONHSAG035921,NONHSAG035921
NONHSAG035922,NONHSAG035922,NONHSAG035922
NONHSAG036369,NONHSAG036369,NONHSAG036369
NONHSAG015420,NONHSAG015420,NONHSAG015420
NONHSAG049526,NONHSAG049526,NONHSAG049526
NONHSAG022409,RPI002_002801,NONHSAG022409
NONHSAG029762,NONHSAG029762,NONHSAG029762
NONHSAG031321,NONHSAG031321,NONHSAG031321
NONHSAG001620,NONHSAG001620,NONHSAG001620
NONHSAG001621,NONHSAG001621,NONHSAG001621
NONHSAG034957,NONHSAG034957,NONHSAG034957
NONHSAG002621,NONHSAG002621,NONHSAG002621
NONHSAG031132,NONHSAG031132,NONHSAG031132
NONHSAG003235,NONHSAG003235,NONHSAG003235
NONHSAG011801,NONHSAG011801,NONHSAG011801
NONHSAG043299,NONHSAG043299,NONHSAG043299
NONHSAG018179,NONHSAG018179,NONHSAG018179
NONHSAG042576,NONHSAG042576,NONHSAG042576
NONHSAG042473,NONHSAG042473,NONHSAG042473
NONHSAG013433,NONHSAG013433,NONHSAG013433
NONHSAG007870,RPI002_002994,NONHSAG007870
NONHSAG020186,NONHSAG020186,NONHSAG020186
NONHSAG013377,NONHSAG013377,NONHSAG013377
NONHSAG016634,RPI002_003021,NONHSAG016634
NONHSAG042940,NONHSAG042940,NONHSAG042940
NONHSAG042946,NONHSAG042946,NONHSAG042946
NONHSAG045254,NONHSAG045254,NONHSAG045254
NONHSAG040027,NONHSAG040027,NONHSAG040027
NONHSAG051632,NONHSAG051632,NONHSAG051632
NONHSAG006216,NONHSAG006216,NONHSAG006216
NONHSAG014120,NONHSAG014120,NONHSAG014120
NONHSAG028418,NONHSAG028418,NONHSAG028418
NONHSAG045096,NONHSAG045096,NONHSAG045096
NONHSAG033546,RPI002_003117,NONHSAG033546
NONHSAG043932,NONHSAG043932,NONHSAG043932
NONHSAG005310,RPI002_003132,NONHSAG005310
NONHSAG005314,NONHSAG005314,NONHSAG005314
NONHSAG001348,NONHSAG001348,NONHSAG001348
NONHSAG010822,NONHSAG010822,NONHSAG010822
NONHSAG051643,NONHSAG051643,NONHSAG051643
NONHSAG044939,NONHSAG044939,NONHSAG044939
NONHSAG011881,NONHSAG011881,NONHSAG011881
NONHSAG011882,NONHSAG011882,NONHSAG011882
NONHSAG010452,NONHSAG010452,NONHSAG010452
NONHSAG035339,NONHSAG035339,NONHSAG035339
NONHSAG036739,NONHSAG036739,NONHSAG036739
NONHSAG036733,NONHSAG036733,NONHSAG036733
NONHSAG042641,NONHSAG042641,NONHSAG042641
NONHSAG041607,NONHSAG041607,NONHSAG041607
NONHSAG030770,NONHSAG030770,NONHSAG030770
NONHSAG038973,NONHSAG038973,NONHSAG038973
NONHSAG032846,RPI002_003232,NONHSAG032846
NONHSAG047173,NONHSAG047173,NONHSAG047173
NONHSAG047176,NONHSAG047176,NONHSAG047176
NONHSAG043313,NONHSAG043313,NONHSAG043313
NONHSAG041792,NONHSAG041792,NONHSAG041792
NONHSAG041799,NONHSAG041799,NONHSAG041799
NONHSAG054134,RPI002_003249,NONHSAG054134
NONHSAG039418,NONHSAG039418,NONHSAG039418
NONHSAG006197,NONHSAG006197,NONHSAG006197
NONHSAG017304,NONHSAG017304,NONHSAG017304
NONHSAG043752,NONHSAG043752,NONHSAG043752
NONHSAG034370,NONHSAG034370,NONHSAG034370
NONHSAG032432,NONHSAG032432,NONHSAG032432
NONHSAG047501,NONHSAG047501,NONHSAG047501
NONHSAG033747,NONHSAG033747,NONHSAG033747
NONHSAG001691,RPI002_003393,NONHSAG001691
NONHSAG009096,NONHSAG009096,NONHSAG009096
NONHSAG002184,NONHSAG002184,NONHSAG002184
NONHSAG000630,NONHSAG000630,NONHSAG000630
NONHSAG000632,NONHSAG000632,NONHSAG000632
NONHSAG049926,RPI002_003447,NONHSAG049926
NONHSAG040383,NONHSAG040383,NONHSAG040383
NONHSAG009875,NONHSAG009875,NONHSAG009875
NONHSAG042834,NONHSAG042834,NONHSAG042834
NONHSAG008833,NONHSAG008833,NONHSAG008833
NONHSAG007086,NONHSAG007086,NONHSAG007086
NONHSAG053421,NONHSAG053421,NONHSAG053421
NONHSAG050447,NONHSAG050447,NONHSAG050447
NONHSAG019072,NONHSAG019072,NONHSAG019072
NONHSAG029077,NONHSAG029077,NONHSAG029077
NONHSAG045479,NONHSAG045479,NONHSAG045479
NONHSAG054388,NONHSAG054388,NONHSAG054388
NONHSAG029275,NONHSAG029275,NONHSAG029275
NONHSAG017629,NONHSAG017629,NONHSAG017629
NONHSAG017624,NONHSAG017624,NONHSAG017624
NONHSAG039298,NONHSAG039298,NONHSAG039298
NONHSAG041324,NONHSAG041324,NONHSAG041324
NONHSAG004148,NONHSAG004148,NONHSAG004148
NONHSAG010278,NONHSAG010278,NONHSAG010278
NONHSAG038416,NONHSAG038416,NONHSAG038416
NONHSAG043482,NONHSAG043482,NONHSAG043482
NONHSAG014905,NONHSAG014905,NONHSAG014905
NONHSAG023105,RPI002_003660,NONHSAG023105
NONHSAG013200,NONHSAG013200,NONHSAG013200
NONHSAG013208,NONHSAG013208,NONHSAG013208
NONHSAG019754,NONHSAG019754,NONHSAG019754
NONHSAG042213,RPI002_003681,NONHSAG042213
NONHSAG040848,NONHSAG040848,NONHSAG040848
NONHSAG001400,NONHSAG001400,NONHSAG001400
NONHSAG013077,NONHSAG013077,NONHSAG013077
NONHSAG006836,NONHSAG006836,NONHSAG006836
NONHSAG008401,NONHSAG008401,NONHSAG008401
NONHSAG029991,NONHSAG029991,NONHSAG029991
NONHSAG003712,NONHSAG003712,NONHSAG003712
NONHSAG005710,NONHSAG005710,NONHSAG005710
NONHSAG052516,NONHSAG052516,NONHSAG052516
NONHSAG020961,RPI002_003743,NONHSAG020961
NONHSAG038207,RPI002_003756,NONHSAG038207
NONHSAG022950,RPI002_003768,NONHSAG022950
NONHSAG045139,RPI002_003787,NONHSAG045139
NONHSAG042972,RPI002_003790,NONHSAG042972
NONHSAG054071,NONHSAG054071,NONHSAG054071
NONHSAG010992,NONHSAG010992,NONHSAG010992
NONHSAG010996,NONHSAG010996,NONHSAG010996
NONHSAG037066,NONHSAG037066,NONHSAG037066
NONHSAG003963,NONHSAG003963,NONHSAG003963
NONHSAG042084,NONHSAG042084,NONHSAG042084
NONHSAG050325,NONHSAG050325,NONHSAG050325
NONHSAG028468,NONHSAG028468,NONHSAG028468
NONHSAG032194,NONHSAG032194,NONHSAG032194
NONHSAG047519,NONHSAG047519,NONHSAG047519
NONHSAG052034,NONHSAG052034,NONHSAG052034
NONHSAG053785,NONHSAG053785,NONHSAG053785
NONHSAG015534,NONHSAG015534,NONHSAG015534
NONHSAG017709,NONHSAG017709,NONHSAG017709
NONHSAG023222,NONHSAG023222,NONHSAG023222
NONHSAG045273,NONHSAG045272,NONHSAG045273
NONHSAG045276,NONHSAG045276,NONHSAG045276
NONHSAG045274,NONHSAG045274,NONHSAG045274
NONHSAG027041,NONHSAG027041,NONHSAG027041
NONHSAG011261,NONHSAG011261,NONHSAG011261
NONHSAG040301,NONHSAG040301,NONHSAG040301
NONHSAG013323,NONHSAG013323,NONHSAG013323
NONHSAG036009,NONHSAG036009,NONHSAG036009
NONHSAG036918,NONHSAG036918,NONHSAG036918
NONHSAG047312,NONHSAG047312,NONHSAG047312
NONHSAG019422,NONHSAG019422,NONHSAG019422
NONHSAG021828,RPI002_004127,NONHSAG021828
NONHSAG045046,NONHSAG045046,NONHSAG045046
NONHSAG030356,NONHSAG030356,NONHSAG030356
NONHSAG048653,NONHSAG048653,NONHSAG048653
NONHSAG037145,NONHSAG037145,NONHSAG037145
NONHSAG044967,RPI002_004177,NONHSAG044967
NONHSAG005400,NONHSAG005400,NONHSAG005400
NONHSAG006269,NONHSAG006269,NONHSAG006269
NONHSAG005827,NONHSAG005827,NONHSAG005827
NONHSAG034499,RPI002_004214,NONHSAG034499
NONHSAG013075,NONHSAG013075,NONHSAG013075
NONHSAG035360,RPI002_004225,NONHSAG035360
NONHSAG040847,NONHSAG040847,NONHSAG040847
NONHSAG042806,NONHSAG042806,NONHSAG042806
NONHSAG042802,NONHSAG042802,NONHSAG042802
NONHSAG044237,NONHSAG044237,NONHSAG044237
NONHSAG043172,NONHSAG043172,NONHSAG043172
NONHSAG043170,NONHSAG043170,NONHSAG043170
NONHSAG026715,NONHSAG026715,NONHSAG026715
NONHSAG050773,NONHSAG050773,NONHSAG050773
NONHSAG017428,RPI002_004294,NONHSAG017428
NONHSAG038693,NONHSAG038693,NONHSAG038693
NONHSAG020992,NONHSAG020992,NONHSAG020992
NONHSAG018398,NONHSAG018398,NONHSAG018398
NONHSAG000015,NONHSAG000015,NONHSAG000015
NONHSAG042610,NONHSAG042610,NONHSAG042610
NONHSAG005039,NONHSAG005039,NONHSAG005039
NONHSAG022124,NONHSAG022124,NONHSAG022124
NONHSAG043720,NONHSAG043720,NONHSAG043720
NONHSAG025204,NONHSAG025204,NONHSAG025204
NONHSAG035415,NONHSAG035415,NONHSAG035415
NONHSAG018219,NONHSAG018219,NONHSAG018219
NONHSAG018212,NONHSAG018212,NONHSAG018212
NONHSAG032975,NONHSAG032975,NONHSAG032975
NONHSAG032972,NONHSAG032972,NONHSAG032972
NONHSAG022463,NONHSAG022463,NONHSAG022463
NONHSAG029314,NONHSAG029314,NONHSAG029314
NONHSAG045367,NONHSAG045367,NONHSAG045367
NONHSAG015029,NONHSAG015029,NONHSAG015029
NONHSAG052752,NONHSAG052752,NONHSAG052752
NONHSAG021065,NONHSAG021065,NONHSAG021065
NONHSAG034789,NONHSAG034789,NONHSAG034789
NONHSAG013253,NONHSAG013253,NONHSAG013253
NONHSAG036871,NONHSAG036871,NONHSAG036871
NONHSAG001430,NONHSAG001430,NONHSAG001430
NONHSAG014231,NONHSAG014231,NONHSAG014231
NONHSAG004520,NONHSAG004520,NONHSAG004520
NONHSAG029594,NONHSAG029594,NONHSAG029594
NONHSAG051293,NONHSAG051293,NONHSAG051293
NONHSAG023675,NONHSAG023675,NONHSAG023675
NONHSAG000093,NONHSAG000093,NONHSAG000093
NONHSAG000095,NONHSAG000095,NONHSAG000095
NONHSAG031937,RPI002_004588,NONHSAG031937
NONHSAG040693,NONHSAG040693,NONHSAG040693
NONHSAG043071,NONHSAG043071,NONHSAG043071
NONHSAG035946,NONHSAG035946,NONHSAG035946
NONHSAG037894,NONHSAG037894,NONHSAG037894
NONHSAG014798,NONHSAG014798,NONHSAG014798
NONHSAG006615,NONHSAG006615,NONHSAG006615
NONHSAG051777,NONHSAG051777,NONHSAG051777
NONHSAG019917,NONHSAG019917,NONHSAG019917
NONHSAG022390,NONHSAG022390,NONHSAG022390
NONHSAG035213,NONHSAG035213,NONHSAG035213
NONHSAG000116,NONHSAG000116,NONHSAG000116
NONHSAG002601,NONHSAG002601,NONHSAG002601
NONHSAG005374,NONHSAG005374,NONHSAG005374
NONHSAG054785,NONHSAG054785,NONHSAG054785
NONHSAG029141,NONHSAG029141,NONHSAG029141
NONHSAG029140,NONHSAG029140,NONHSAG029140
NONHSAG042555,NONHSAG042555,NONHSAG042555
NONHSAG022588,NONHSAG022588,NONHSAG022588
NONHSAG009505,NONHSAG009505,NONHSAG009505
NONHSAG009501,NONHSAG009501,NONHSAG009501
NONHSAG009502,NONHSAG009502,NONHSAG009502
NONHSAG006308,NONHSAG006308,NONHSAG006308
NONHSAG006309,NONHSAG006309,NONHSAG006309
NONHSAG003603,RPI002_004823,NONHSAG003603
NONHSAG013354,RPI002_004836,NONHSAG013354
NONHSAG030041,NONHSAG030041,NONHSAG030041
NONHSAG045270,NONHSAG045270,NONHSAG045270
NONHSAG042568,NONHSAG042568,NONHSAG042568
NONHSAG027552,NONHSAG027552,NONHSAG027552
NONHSAG042798,NONHSAG042798,NONHSAG042798
NONHSAG015280,NONHSAG015280,NONHSAG015280
NONHSAG015892,NONHSAG015892,NONHSAG015892
NONHSAG004418,NONHSAG004418,NONHSAG004418
NONHSAG004411,NONHSAG004411,NONHSAG004411
NONHSAG004413,NONHSAG004413,NONHSAG004413
NONHSAG003879,NONHSAG003879,NONHSAG003879
NONHSAG037401,NONHSAG037401,NONHSAG037401
NONHSAG048875,NONHSAG048875,NONHSAG048875
NONHSAG052658,RPI002_005060,NONHSAG052658
NONHSAG052655,NONHSAG052655,NONHSAG052655
NONHSAG053291,NONHSAG053291,NONHSAG053291
NONHSAG001246,NONHSAG001246,NONHSAG001246
NONHSAG023053,NONHSAG023053,NONHSAG023053
NONHSAG028003,NONHSAG028003,NONHSAG028003
NONHSAG028008,NONHSAG028008,NONHSAG028008
NONHSAG002282,NONHSAG002282,NONHSAG002282
NONHSAG034766,NONHSAG034766,NONHSAG034766
NONHSAG003643,NONHSAG003643,NONHSAG003643
NONHSAG003644,RPI002_005133,NONHSAG003644
NONHSAG027621,RPI002_005151,NONHSAG027621
NONHSAG004918,NONHSAG004918,NONHSAG004918
NONHSAG017985,NONHSAG017985,NONHSAG017985
NONHSAG011003,NONHSAG011003,NONHSAG011003
NONHSAG035160,NONHSAG035160,NONHSAG035160
NONHSAG020286,NONHSAG020286,NONHSAG020286
NONHSAG032989,NONHSAG032989,NONHSAG032989
NONHSAG035405,NONHSAG035405,NONHSAG035405
NONHSAG048548,NONHSAG048548,NONHSAG048548
NONHSAG048549,RPI002_005235,NONHSAG048549
NONHSAG016752,RPI002_005238,NONHSAG016752
NONHSAG034111,NONHSAG034111,NONHSAG034111
NONHSAG034114,NONHSAG034114,NONHSAG034114
NONHSAG014939,NONHSAG014939,NONHSAG014939
NONHSAG022839,NONHSAG022839,NONHSAG022839
NONHSAG020095,RPI002_005277,NONHSAG020095
NONHSAG043107,NONHSAG043107,NONHSAG043107
NONHSAG042850,NONHSAG042850,NONHSAG042850
NONHSAG054621,NONHSAG054621,NONHSAG054621
NONHSAG039376,NONHSAG039376,NONHSAG039376
NONHSAG041771,NONHSAG041771,NONHSAG041771
NONHSAG043460,NONHSAG043460,NONHSAG043460
NONHSAG017299,RPI002_005359,NONHSAG017299
NONHSAG018059,NONHSAG018059,NONHSAG018059
NONHSAG034094,RPI002_005369,NONHSAG034094
NONHSAG028323,NONHSAG028323,NONHSAG028323
NONHSAG036650,NONHSAG036650,NONHSAG036650
NONHSAG047945,NONHSAG047945,NONHSAG047945
NONHSAG023317,NONHSAG023317,NONHSAG023317
NONHSAG002019,NONHSAG002019,NONHSAG002019
NONHSAG001633,RPI002_005460,NONHSAG001633
NONHSAG032687,NONHSAG032687,NONHSAG032687
NONHSAG006272,NONHSAG006272,NONHSAG006272
NONHSAG029195,NONHSAG029195,NONHSAG029195
NONHSAG029197,NONHSAG029197,NONHSAG029197
NONHSAG012648,RPI002_005503,NONHSAG012648
NONHSAG044177,NONHSAG044177,NONHSAG044177
NONHSAG025466,NONHSAG025466,NONHSAG025466
NONHSAG003734,NONHSAG003734,NONHSAG003734
NONHSAG053485,NONHSAG053484,NONHSAG053485
NONHSAG005194,NONHSAG005194,NONHSAG005194
NONHSAG005191,NONHSAG005191,NONHSAG005191
NONHSAG013427,RPI002_005582,NONHSAG013427
NONHSAG042958,NONHSAG042958,NONHSAG042958
NONHSAG030849,NONHSAG030849,NONHSAG030849
NONHSAG041630,NONHSAG041630,NONHSAG041630
NONHSAG037007,NONHSAG037007,NONHSAG037007
NONHSAG008588,NONHSAG008588,NONHSAG008588
NONHSAG003941,NONHSAG003941,NONHSAG003941
NONHSAG011639,NONHSAG011639,NONHSAG011639
NONHSAG051078,NONHSAG051078,NONHSAG051078
NONHSAG043265,NONHSAG043265,NONHSAG043265
NONHSAG039977,NONHSAG039977,NONHSAG039977
NONHSAG001376,NONHSAG001376,NONHSAG001376
NONHSAG010832,NONHSAG010832,NONHSAG010832
NONHSAG028241,NONHSAG028241,NONHSAG028241
NONHSAG029656,NONHSAG029656,NONHSAG029656
NONHSAG046974,NONHSAG046974,NONHSAG046974
NONHSAG052605,NONHSAG052605,NONHSAG052605
NONHSAG032857,RPI002_005800,NONHSAG032857
NONHSAG032856,NONHSAG032856,NONHSAG032856
NONHSAG017832,NONHSAG017832,NONHSAG017832
NONHSAG014565,RPI002_005823,NONHSAG014565
NONHSAG005943,RPI002_005826,NONHSAG005943
NONHSAG023004,NONHSAG023004,NONHSAG023004
NONHSAG013308,NONHSAG013308,NONHSAG013308
NONHSAG043067,RPI002_005851,NONHSAG043067
NONHSAG018082,NONHSAG018082,NONHSAG018082
NONHSAG018083,NONHSAG018083,NONHSAG018083
NONHSAG037370,NONHSAG037370,NONHSAG037370
NONHSAG030684,NONHSAG030684,NONHSAG030684
NONHSAG037088,NONHSAG037088,NONHSAG037088
NONHSAG000075,NONHSAG000075,NONHSAG000075
NONHSAG005635,NONHSAG005635,NONHSAG005635
NONHSAG005099,NONHSAG005099,NONHSAG005099
NONHSAG013674,NONHSAG013674,NONHSAG013674
NONHSAG014158,NONHSAG014158,NONHSAG014158
NONHSAG014155,NONHSAG014155,NONHSAG014155
NONHSAG014157,NONHSAG014157,NONHSAG014157
NONHSAG049075,NONHSAG049075,NONHSAG049075
NONHSAG049077,NONHSAG049077,NONHSAG049077
NONHSAG049079,NONHSAG049079,NONHSAG049079
NONHSAG031457,NONHSAG031457,NONHSAG031457
NONHSAG030479,NONHSAG030479,NONHSAG030479
NONHSAG003824,NONHSAG003824,NONHSAG003824
NONHSAG002191,NONHSAG002191,NONHSAG002191
NONHSAG002198,NONHSAG002198,NONHSAG002198
NONHSAG013738,NONHSAG013738,NONHSAG013738
NONHSAG027404,NONHSAG027404,NONHSAG027404
NONHSAG020832,RPI002_005989,NONHSAG020832
NONHSAG037457,NONHSAG037457,NONHSAG037457
NONHSAG042822,NONHSAG042822,NONHSAG042822
NONHSAG042820,NONHSAG042820,NONHSAG042820
NONHSAG014297,NONHSAG014297,NONHSAG014297
NONHSAG000542,NONHSAG000542,NONHSAG000542
NONHSAG009697,NONHSAG009697,NONHSAG009697
NONHSAG012925,NONHSAG012925,NONHSAG012925
NONHSAG028051,NONHSAG028051,NONHSAG028051
NONHSAG018001,NONHSAG018001,NONHSAG018001
NONHSAG023696,NONHSAG023696,NONHSAG023696
NONHSAG001036,NONHSAG001036,NONHSAG001036
NONHSAG001787,NONHSAG001787,NONHSAG001787
NONHSAG049766,NONHSAG049766,NONHSAG049766
NONHSAG023510,NONHSAG023510,NONHSAG023510
NONHSAG019648,NONHSAG019648,NONHSAG019648
NONHSAG013028,RPI002_006204,NONHSAG013028
NONHSAG043464,NONHSAG043464,NONHSAG043464
NONHSAG054945,NONHSAG054945,NONHSAG054945
NONHSAG015986,NONHSAG015986,NONHSAG015986
NONHSAG035615,NONHSAG035615,NONHSAG035615
NONHSAG003278,RPI002_006269,NONHSAG003278
NONHSAG035557,NONHSAG035557,NONHSAG035557
NONHSAG033893,NONHSAG033893,NONHSAG033893
NONHSAG029989,NONHSAG029989,NONHSAG029989
NONHSAG007016,NONHSAG007016,NONHSAG007016
NONHSAG007013,NONHSAG007013,NONHSAG007013
NONHSAG007019,NONHSAG007019,NONHSAG007019
NONHSAG029516,NONHSAG029516,NONHSAG029516
NONHSAG029517,NONHSAG029517,NONHSAG029517
NONHSAG014409,NONHSAG014409,NONHSAG014409
NONHSAG045488,NONHSAG045488,NONHSAG045488
NONHSAG042906,NONHSAG042906,NONHSAG042906
NONHSAG031048,NONHSAG031048,NONHSAG031048
NONHSAG047997,NONHSAG047997,NONHSAG047997
NONHSAG012158,NONHSAG012158,NONHSAG012158
NONHSAG012801,NONHSAG012801,NONHSAG012801
NONHSAG051569,NONHSAG051569,NONHSAG051569
NONHSAG002356,NONHSAG002356,NONHSAG002356
NONHSAG002353,NONHSAG002353,NONHSAG002353
NONHSAG021493,NONHSAG021493,NONHSAG021493
NONHSAG029493,NONHSAG029493,NONHSAG029493
NONHSAG028156,NONHSAG028156,NONHSAG028156
NONHSAG039932,NONHSAG039932,NONHSAG039932
NONHSAG034586,NONHSAG034586,NONHSAG034586
NONHSAG021130,NONHSAG021130,NONHSAG021130
NONHSAG032187,NONHSAG032187,NONHSAG032187
NONHSAG008045,NONHSAG008045,NONHSAG008045
NONHSAG052040,NONHSAG052040,NONHSAG052040
NONHSAG052043,NONHSAG052043,NONHSAG052043
NONHSAG047810,NONHSAG047810,NONHSAG047810
NONHSAG047819,NONHSAG047819,NONHSAG047819
NONHSAG051689,NONHSAG051689,NONHSAG051689
NONHSAG018940,NONHSAG018940,NONHSAG018940
NONHSAG011846,NONHSAG011846,NONHSAG011846
NONHSAG002146,RPI002_006543,NONHSAG002146
NONHSAG013149,NONHSAG013149,NONHSAG013149
NONHSAG038901,NONHSAG038901,NONHSAG038901
NONHSAG002055,NONHSAG002055,NONHSAG002055
NONHSAG009523,NONHSAG009523,NONHSAG009523
NONHSAG052584,NONHSAG052584,NONHSAG052584
NONHSAG052581,NONHSAG052581,NONHSAG052581
NONHSAG052582,NONHSAG052582,NONHSAG052582
NONHSAG053181,NONHSAG053181,NONHSAG053181
NONHSAG051492,RPI002_006622,NONHSAG051492
NONHSAG023031,NONHSAG023031,NONHSAG023031
NONHSAG003429,NONHSAG003429,NONHSAG003429
NONHSAG033993,NONHSAG033993,NONHSAG033993
NONHSAG036017,NONHSAG036017,NONHSAG036017
NONHSAG032218,NONHSAG032218,NONHSAG032218
NONHSAG016571,NONHSAG016571,NONHSAG016571
NONHSAG003497,RPI002_006764,NONHSAG003497
NONHSAG007127,NONHSAG007127,NONHSAG007127
NONHSAG013858,NONHSAG013858,NONHSAG013858
NONHSAG029605,NONHSAG029605,NONHSAG029605
NONHSAG029606,NONHSAG029606,NONHSAG029606
NONHSAG023728,NONHSAG023728,NONHSAG023728
NONHSAG039492,NONHSAG039492,NONHSAG039492
NONHSAG039495,NONHSAG039495,NONHSAG039495
NONHSAG032062,NONHSAG032062,NONHSAG032062
NONHSAG038812,RPI002_006863,NONHSAG038812
NONHSAG002779,NONHSAG002779,NONHSAG002779
NONHSAG049279,NONHSAG049279,NONHSAG049279
NONHSAG029032,NONHSAG029032,NONHSAG029032
NONHSAG036983,RPI002_006905,NONHSAG036983
NONHSAG032295,NONHSAG032295,NONHSAG032295
NONHSAG009406,NONHSAG009406,NONHSAG009406
NONHSAG012266,NONHSAG012266,NONHSAG012266
NONHSAG053800,NONHSAG053800,NONHSAG053800
NONHSAG041565,NONHSAG041565,NONHSAG041565
NONHSAG020514,NONHSAG020514,NONHSAG020514
NONHSAG012702,NONHSAG012702,NONHSAG012702
NONHSAG043718,NONHSAG043718,NONHSAG043718
NONHSAG033707,NONHSAG033707,NONHSAG033707
NONHSAG036868,NONHSAG036868,NONHSAG036868
NONHSAG036869,NONHSAG036869,NONHSAG036869
NONHSAG003898,NONHSAG003896,NONHSAG003898
NONHSAG001975,NONHSAG001975,NONHSAG001975
NONHSAG035665,NONHSAG035665,NONHSAG035665
NONHSAG024412,NONHSAG024412,NONHSAG024412
NONHSAG009836,NONHSAG009836,NONHSAG009836
NONHSAG041753,NONHSAG041753,NONHSAG041753
NONHSAG012973,NONHSAG012973,NONHSAG012973
NONHSAG012974,RPI002_007121,NONHSAG012974
NONHSAG004536,NONHSAG004536,NONHSAG004536
NONHSAG038333,NONHSAG038333,NONHSAG038333
NONHSAG012979,RPI002_007124,NONHSAG012979
NONHSAG038335,RPI002_007127,NONHSAG038335
NONHSAG007373,RPI002_007134,NONHSAG007373
NONHSAG006025,NONHSAG006025,NONHSAG006025
NONHSAG033478,NONHSAG033478,NONHSAG033478
NONHSAG040026,NONHSAG040026,NONHSAG040026
NONHSAG044834,NONHSAG044834,NONHSAG044834
NONHSAG040683,NONHSAG040683,NONHSAG040683
NONHSAG042684,NONHSAG042684,NONHSAG042684
NONHSAG005043,NONHSAG005043,NONHSAG005043
NONHSAG009126,RPI002_007227,NONHSAG009126
NONHSAG052892,NONHSAG052892,NONHSAG052892
NONHSAG012830,NONHSAG012830,NONHSAG012830
NONHSAG002388,NONHSAG002388,NONHSAG002388
NONHSAG003924,NONHSAG003924,NONHSAG003924
NONHSAG013073,NONHSAG013073,NONHSAG013073
NONHSAG013074,NONHSAG013074,NONHSAG013074
NONHSAG017523,NONHSAG017523,NONHSAG017523
NONHSAG009723,NONHSAG009723,NONHSAG009723
NONHSAG044180,NONHSAG044180,NONHSAG044180
NONHSAG054919,NONHSAG054919,NONHSAG054919
NONHSAG053030,NONHSAG053030,NONHSAG053030
NONHSAG047843,RPI002_007331,NONHSAG047843
NONHSAG041442,NONHSAG041442,NONHSAG041442
NONHSAG055794,NONHSAG055794,NONHSAG055794
NONHSAG003221,NONHSAG003221,NONHSAG003221
NONHSAG010774,NONHSAG010774,NONHSAG010774
NONHSAG038596,NONHSAG038596,NONHSAG038596
NONHSAG037215,NONHSAG037215,NONHSAG037215
NONHSAG051941,NONHSAG051941,NONHSAG051941
NONHSAG033012,NONHSAG033012,NONHSAG033012
NONHSAG007048,NONHSAG007048,NONHSAG007048
NONHSAG012756,NONHSAG012756,NONHSAG012756
NONHSAG005754,NONHSAG005754,NONHSAG005754
NONHSAG044601,NONHSAG044601,NONHSAG044601
NONHSAG043003,NONHSAG043003,NONHSAG043003
NONHSAG036041,NONHSAG036041,NONHSAG036041
NONHSAG006938,NONHSAG006938,NONHSAG006938
NONHSAG014476,RPI002_007495,NONHSAG014476
NONHSAG002301,RPI002_007504,NONHSAG002301
NONHSAG021910,NONHSAG021910,NONHSAG021910
NONHSAG018734,NONHSAG018734,NONHSAG018734
NONHSAG052397,NONHSAG052397,NONHSAG052397
NONHSAG030390,NONHSAG030390,NONHSAG030390
NONHSAG031117,NONHSAG031117,NONHSAG031117
NONHSAG053447,NONHSAG053447,NONHSAG053447
NONHSAG019799,NONHSAG019799,NONHSAG019799
NONHSAG018670,NONHSAG018670,NONHSAG018670
NONHSAG018672,NONHSAG018672,NONHSAG018672
NONHSAG010446,RPI002_007601,NONHSAG010446
NONHSAG010448,NONHSAG010448,NONHSAG010448
NONHSAG050248,NONHSAG050248,NONHSAG050248
NONHSAG024203,NONHSAG024203,NONHSAG024203
NONHSAG008223,NONHSAG008223,NONHSAG008223
NONHSAG048860,NONHSAG048860,NONHSAG048860
NONHSAG005132,NONHSAG005132,NONHSAG005132
NONHSAG053284,NONHSAG053284,NONHSAG053284
NONHSAG053286,NONHSAG053286,NONHSAG053286
NONHSAG016330,NONHSAG016330,NONHSAG016330
NONHSAG024015,NONHSAG024015,NONHSAG024015
NONHSAG000055,NONHSAG000055,NONHSAG000055
NONHSAG020545,NONHSAG020545,NONHSAG020545
-,RPPH1-201,-
-,RTCD1,-
-,RUNDC2A,-
-,SC4MOL,-
-,SC5DL,-
-,SELS,-
-,SEPX1,-
-,SERF2-C15ORF63,-
-,Sfrs5,-
-,SGK196,-
NONHSAG012360,SLC24A6,NONHSAG012360
NONHSAG033969,SMCR7L,NONHSAG033969
-,SNHG1-002,-
-,SNHG13,-
-,SNORD15,-
NONHSAT002077,SNORD85,NONHSAT002077
-,snoU97,-
-,snR39B,-
-,snRNA-U1,-
-,snRNA-U2,-
-,snRNA-U4,-
NONHSAG023314,SOGA2,NONHSAG023314
-,SOLH,-
-,SRGAP2P2,-
NONHSAG048493,NONHSAG048491,NONHSAG048493
NONHSAG034906,NONHSAG034905,NONHSAG034906
-,TH1L,-
NONHSAG031037,NONHSAG031036,NONHSAG031037
-,THOC4,-
-,TM232_RAT,-
-,TMCO7,-
-,TMEM111,-
-,TMEM146,-
-,TMEM188,-
-,TMEM22,-
-,TMEM48,-
-,TMEM85,-
-,TMEM93,-
-,TRAX,-
-,TRI18_RAT,-
-,TS101_RAT,-
-,TSGA14,-
-,TTC15,-
-,TTC35,-
-,TUBB2C,-
-,TUBB4,-
-,UBE2CBP,-
NONHSAG017658,UBE2Q2P3,NONHSAG017658
NONHSAG031672,UQCC,NONHSAG031672
-,VPS24,-
NONHSAG024052,RPI002_004071,NONHSAG024052
-,VTRNA1-2-201,-
-,WDR45L,-
-,WDR67,-
-,WDR85,-
-,WHSC2,-
NONHSAG002718,WI2-3658N16.1,NONHSAG002718
NONHSAG029877,NONHSAG029874,NONHSAG029877
-,WNK1_RAT,-
-,XXyac-R12DG2.2,-
NONHSAG034050,Z83851.3,NONHSAG034050
NONHSAG037191,Z95704.4,NONHSAG037191
-,Zak,-
-,ZDHHC20-AS1,-
NONHSAG011676,NONHSAG011674,NONHSAG011676
-,ZFP106,-
-,ZFP161,-
-,ZMYM2-IT1,-
-,ZMYND17,-
-,ZNF187,-
-,ZNF192,-
-,ZNF193,-
-,ZNF238,-
-,ZNF252,-
NONHSAG009702,ZNF259,NONHSAG009702
-,ZNF295,-
-,ZNF323,-
-,ZNF487P,-
-,ZNF498,-
-,ZNF642,-
-,ZNF643,-
-,ZNF664-FAM101A,-
-,ZNF673,-
-,ZNF828,-
-,ZNFX1-AS1,-
NONHSAG031670,UQCC,NONHSAG031670
NONHSAG047490,NONHSAG047490,NONHSAG047490
NONHSAG056038,NONHSAG056038,NONHSAG056038
NONHSAG056037,NONHSAG056037,NONHSAG056037
NONHSAG042437,NONHSAG042437,NONHSAG042437
NONHSAG011660,NONHSAG011659,NONHSAG011660
NONHSAG011677,NONHSAG011674,NONHSAG011677
NONHSAG011947,CCDC41,NONHSAG011947
NONHSAG028880,RPI002_005656,NONHSAG028880
NONHSAG050918,NONHSAG050918,NONHSAG050918
NONHSAG056034,NONHSAG056034,NONHSAG056034
NONHSAG007364,NONHSAG007363,NONHSAG007364
NONHSAG020714,NONHSAG020714,NONHSAG020714
NONHSAG013400,KIAA1704,NONHSAG013400
NONHSAG000471,NONHSAG000471,NONHSAG000471
NONHSAG017525,NONHSAG017525,NONHSAG017525
NONHSAG022431,NONHSAG022430,NONHSAG022431
NONHSAG026183,NONHSAG026183,NONHSAG026183
NONHSAG029879,NONHSAG029874,NONHSAG029879
NONHSAG031671,UQCC,NONHSAG031671
NONHSAG031933,RP3-477O4.16,NONHSAG031933
NONHSAG033612,NONHSAG033612,NONHSAG033612
NONHSAG036835,NONHSAG036835,NONHSAG036835
NONHSAG044150,NONHSAG044150,NONHSAG044150
NONHSAG048492,NONHSAG048491,NONHSAG048492
NONHSAG050905,NONHSAG050905,NONHSAG050905
NONHSAG037194,Z95704.5,NONHSAG037194
NONHSAG012762,RPI002_014395,NONHSAG012762
NONHSAG041705,NONHSAG041705,NONHSAG041705
NONHSAG056032,NONHSAG056032,NONHSAG056032
NONHSAG049161,NONHSAG049159,NONHSAG049161
NONHSAG055398,NONHSAG055397,NONHSAG055398
NONHSAG025608,C19orf55,NONHSAG025608
NONHSAG048723,NONHSAG048721,NONHSAG048723
NONHSAG008655,AP003068.6,NONHSAG008655
NONHSAG007346,NONHSAG007344,NONHSAG007346
NONHSAG019474,NONHSAG019471,NONHSAG019474
NONHSAG002780,NONHSAG002780,NONHSAG002780
NONHSAG017450,NONHSAG017447,NONHSAG017450
NONHSAG020768,NONHSAG020768,NONHSAG020768
NONHSAG021573,NONHSAG021573,NONHSAG021573
NONHSAG022853,42256,NONHSAG022853
NONHSAG023404,RP11-973H7.2,NONHSAG023404
NONHSAG031728,NONHSAG031728,NONHSAG031728
NONHSAG033246,NONHSAG033244,NONHSAG033246
NONHSAG037068,NONHSAG037068,NONHSAG037068
NONHSAG037158,NONHSAG037158,NONHSAG037158
NONHSAG038204,RP11-727M10.2,NONHSAG038204
NONHSAG039251,42064,NONHSAG039251
NONHSAG039874,42069,NONHSAG039874
NONHSAG047339,42254,NONHSAG047339
NONHSAG047987,AC138783.11,NONHSAG047987
NONHSAG050326,NONHSAG050326,NONHSAG050326
NONHSAG052349,NONHSAG052349,NONHSAG052349
NONHSAG052356,RP11-157L3.2,NONHSAG052356
NONHSAG052367,NONHSAG052367,NONHSAG052367
NONHSAG052369,RP11-34H11.1,NONHSAG052369
NONHSAG052399,RP11-237M21.1,NONHSAG052399
NONHSAG052433,RP11-12A20.2,NONHSAG052433
NONHSAG002262,RP11-347K2.1,NONHSAG002262
NONHSAG005819,GLUD1P6,NONHSAG005819
NONHSAG000239,NONHSAG000239,NONHSAG000239
NONHSAG000713,RPI002_000213,NONHSAG000713
NONHSAG000996,NONHSAG000996,NONHSAG000996
NONHSAG004612,NONHSAG004612,NONHSAG004612
NONHSAG005029,NONHSAG005029,NONHSAG005029
NONHSAG005905,NONHSAG005905,NONHSAG005905
NONHSAG007365,NONHSAG007363,NONHSAG007365
NONHSAG008618,NONHSAG008618,NONHSAG008618
NONHSAG012398,NONHSAG012398,NONHSAG012398
NONHSAG012552,NONHSAG012552,NONHSAG012552
NONHSAG013678,NONHSAG013678,NONHSAG013678
NONHSAG014483,C14orf164,NONHSAG014483
NONHSAG015936,NONHSAG015936,NONHSAG015936
NONHSAG017157,NONHSAG017157,NONHSAG017157
NONHSAG018024,NONHSAG018024,NONHSAG018024
NONHSAG018615,NONHSAG018615,NONHSAG018615
NONHSAG019452,NONHSAG019452,NONHSAG019452
NONHSAG021571,C17orf66,NONHSAG021571
NONHSAG022864,NONHSAG022864,NONHSAG022864
NONHSAG022920,CTD-2116F7.1,NONHSAG022920
NONHSAG024477,C19orf77,NONHSAG024477
NONHSAG026940,NONHSAG026940,NONHSAG026940
NONHSAG029475,NONHSAG029475,NONHSAG029475
NONHSAG029878,NONHSAG029874,NONHSAG029878
NONHSAG030677,NONHSAG030677,NONHSAG030677
NONHSAG030685,NONHSAG030685,NONHSAG030685
NONHSAG032108,NONHSAG032107,NONHSAG032108
NONHSAG032265,NONHSAG032265,NONHSAG032265
NONHSAG032279,NONHSAG032279,NONHSAG032279
NONHSAG032410,NONHSAG032410,NONHSAG032410
NONHSAG032973,NONHSAG032973,NONHSAG032973
NONHSAG033708,NONHSAG033708,NONHSAG033708
NONHSAG034837,NONHSAG034837,NONHSAG034837
NONHSAG035951,NONHSAG035951,NONHSAG035951
NONHSAG038595,NONHSAG038595,NONHSAG038595
NONHSAG039334,NONHSAG039334,NONHSAG039334
NONHSAG041453,42066,NONHSAG041453
NONHSAG041472,CTC-228N24.1,NONHSAG041472
NONHSAG042734,NONHSAG042734,NONHSAG042734
NONHSAG047638,42261,NONHSAG047638
NONHSAG048814,NONHSAG048814,NONHSAG048814
NONHSAG049084,NONHSAG049084,NONHSAG049084
NONHSAG051698,RP11-39K24.9,NONHSAG051698
NONHSAG053283,42339,NONHSAG053283
NONHSAG053758,NONHSAG053758,NONHSAG053758
NONHSAG054462,NONHSAG054462,NONHSAG054462
NONHSAG055363,NONHSAG055363,NONHSAG055363
NONHSAG056028,NONHSAG056028,NONHSAG056028
NONHSAG000064,C1orf170,NONHSAG000064
NONHSAG000633,NONHSAG000633,NONHSAG000633
NONHSAG003830,NONHSAG003830,NONHSAG003830
NONHSAG005064,NONHSAG005064,NONHSAG005064
NONHSAG005351,C10orf112,NONHSAG005351
NONHSAG008883,NONHSAG008883,NONHSAG008883
NONHSAG014326,NONHSAG014326,NONHSAG014326
NONHSAG016506,NONHSAG016506,NONHSAG016506
NONHSAG019044,NONHSAG019044,NONHSAG019044
NONHSAG027596,NONHSAG027596,NONHSAG027596
NONHSAG029205,NONHSAG029205,NONHSAG029205
NONHSAG029643,42070,NONHSAG029643
NONHSAG030406,NONHSAG030406,NONHSAG030406
NONHSAG031272,NONHSAG031272,NONHSAG031272
NONHSAG031934,RP3-477O4.16,NONHSAG031934
NONHSAG033437,NONHSAG033437,NONHSAG033437
NONHSAG033834,NONHSAG033834,NONHSAG033834
NONHSAG037324,NONHSAG037324,NONHSAG037324
NONHSAG037461,NONHSAG037461,NONHSAG037461
NONHSAG040013,NONHSAG040013,NONHSAG040013
NONHSAG045464,NONHSAG045464,NONHSAG045464
NONHSAG047166,NONHSAG047166,NONHSAG047166
NONHSAG048234,NONHSAG048233,NONHSAG048234
NONHSAG051254,NONHSAG051254,NONHSAG051254
NONHSAG001923,NONHSAG001923,NONHSAG001923
NONHSAG002830,NONHSAG002830,NONHSAG002830
NONHSAG004354,42065,NONHSAG004354
NONHSAG004622,NONHSAG004622,NONHSAG004622
NONHSAG007546,NONHSAG007546,NONHSAG007546
NONHSAG019077,NONHSAG019077,NONHSAG019077
NONHSAG023315,SOGA2,NONHSAG023315
NONHSAG028881,RPI002_005656,NONHSAG028881
NONHSAG038264,42258,NONHSAG038264
NONHSAG041956,NONHSAG041956,NONHSAG041956
NONHSAG042611,NONHSAG042611,NONHSAG042611
NONHSAG045080,NONHSAG045080,NONHSAG045080
NONHSAG049160,NONHSAG049159,NONHSAG049160
NONHSAG052261,NONHSAG052261,NONHSAG052261
NONHSAG004356,42064,NONHSAG004356
NONHSAG007321,C11orf35,NONHSAG007321
NONHSAG025232,NONHSAG025232,NONHSAG025232
NONHSAG036006,NONHSAG036006,NONHSAG036006
NONHSAG036914,NONHSAG036914,NONHSAG036914
NONHSAG046745,NONHSAG046744,NONHSAG046745
NONHSAG047691,NONHSAG047691,NONHSAG047691
NONHSAG047942,NONHSAG047942,NONHSAG047942
NONHSAG049016,NONHSAG049016,NONHSAG049016
NONHSAG053144,NONHSAG053144,NONHSAG053144
NONHSAG000135,NONHSAG000135,NONHSAG000135
NONHSAG002749,NBPF24,NONHSAG002749
NONHSAG002813,RP11-277L2.3,NONHSAG002813
NONHSAG003713,NONHSAG003713,NONHSAG003713
NONHSAG004235,NONHSAG004235,NONHSAG004235
NONHSAG004396,NONHSAG004396,NONHSAG004396
NONHSAG004504,NONHSAG004504,NONHSAG004504
NONHSAG004686,NONHSAG004686,NONHSAG004686
NONHSAG004914,NONHSAG004914,NONHSAG004914
NONHSAG004915,NONHSAG004915,NONHSAG004915
NONHSAG005170,NONHSAG005170,NONHSAG005170
NONHSAG005655,NONHSAG005655,NONHSAG005655
NONHSAG005675,NONHSAG005675,NONHSAG005675
NONHSAG005820,BMS1P6,NONHSAG005820
NONHSAG005835,RP11-508M1.7,NONHSAG005835
NONHSAG005881,AGAP8,NONHSAG005881
NONHSAG005965,NONHSAG005965,NONHSAG005965
NONHSAG006467,NONHSAG006467,NONHSAG006467
NONHSAG007187,RP11-500G10.4,NONHSAG007187
NONHSAG007191,NONHSAG007191,NONHSAG007191
NONHSAG007204,NONHSAG007204,NONHSAG007204
NONHSAG007205,NONHSAG007205,NONHSAG007205
NONHSAG007552,NONHSAG007552,NONHSAG007552
NONHSAG008402,NONHSAG008402,NONHSAG008402
NONHSAG008573,RP11-466C23.4,NONHSAG008573
NONHSAG009014,RP11-800A3.5,NONHSAG009014
NONHSAG009724,NONHSAG009724,NONHSAG009724
NONHSAG009841,NONHSAG009841,NONHSAG009841
NONHSAG009881,NONHSAG009881,NONHSAG009881
NONHSAG010056,NONHSAG010056,NONHSAG010056
NONHSAG010213,NONHSAG010213,NONHSAG010213
NONHSAG010258,NONHSAG010258,NONHSAG010258
NONHSAG010708,NONHSAG010708,NONHSAG010708
NONHSAG010861,NONHSAG010861,NONHSAG010861
NONHSAG011863,NONHSAG011863,NONHSAG011863
NONHSAG011934,RP11-850P15.1,NONHSAG011934
NONHSAG012265,NONHSAG012265,NONHSAG012265
NONHSAG012420,NONHSAG012420,NONHSAG012420
NONHSAG012687,NONHSAG012687,NONHSAG012687
NONHSAG012833,NONHSAG012833,NONHSAG012833
NONHSAG014058,NONHSAG014058,NONHSAG014058
NONHSAG016236,NONHSAG016236,NONHSAG016236
NONHSAG016296,RP11-580I1.3,NONHSAG016296
NONHSAG016407,NONHSAG016407,NONHSAG016407
NONHSAG017321,RP11-673C5.4,NONHSAG017321
NONHSAG017427,NONHSAG017427,NONHSAG017427
NONHSAG017429,NONHSAG017429,NONHSAG017429
NONHSAG017649,RP13-608F4.1,NONHSAG017649
NONHSAG017651,RP13-98N21.2,NONHSAG017651
NONHSAG017652,RP13-996F3.5,NONHSAG017652
NONHSAG017660,RN7SL410P,NONHSAG017660
NONHSAG017719,NONHSAG017719,NONHSAG017719
NONHSAG017723,NONHSAG017723,NONHSAG017723
NONHSAG017781,NONHSAG017781,NONHSAG017781
NONHSAG018109,NONHSAG018109,NONHSAG018109
NONHSAG018838,NONHSAG018838,NONHSAG018838
NONHSAG019093,42248,NONHSAG019093
NONHSAG019643,NONHSAG019643,NONHSAG019643
NONHSAG020202,NONHSAG020202,NONHSAG020202
NONHSAG020509,NONHSAG020509,NONHSAG020509
NONHSAG020568,RP11-104O19.2,NONHSAG020568
NONHSAG022336,42251,NONHSAG022336
NONHSAG022654,AC005152.2,NONHSAG022654
NONHSAG023316,NONHSAG023316,NONHSAG023316
NONHSAG023472,NONHSAG023472,NONHSAG023472
NONHSAG024633,NONHSAG024633,NONHSAG024633
NONHSAG024734,NONHSAG024734,NONHSAG024734
NONHSAG025826,NONHSAG025826,NONHSAG025826
NONHSAG027150,NONHSAG027150,NONHSAG027150
NONHSAG027179,NONHSAG027179,NONHSAG027179
NONHSAG027187,RP11-531P14.1,NONHSAG027187
NONHSAG027420,NONHSAG027420,NONHSAG027420
NONHSAG028223,AC005041.17,NONHSAG028223
NONHSAG028523,NONHSAG028523,NONHSAG028523
NONHSAG029917,NONHSAG029917,NONHSAG029917
NONHSAG030498,NONHSAG030498,NONHSAG030498
NONHSAG030524,C2orf62,NONHSAG030524
NONHSAG030778,NONHSAG030778,NONHSAG030778
NONHSAG031072,NONHSAG031072,NONHSAG031072
NONHSAG031560,NONHSAG031560,NONHSAG031560
NONHSAG031969,NONHSAG031969,NONHSAG031969
NONHSAG032002,NONHSAG032002,NONHSAG032002
NONHSAG032335,NONHSAG032335,NONHSAG032335
NONHSAG032342,NONHSAG032342,NONHSAG032342
NONHSAG034037,42250,NONHSAG034037
NONHSAG034951,ACKR5,NONHSAG034951
NONHSAG035385,NONHSAG035385,NONHSAG035385
NONHSAG035448,NONHSAG035448,NONHSAG035448
NONHSAG036095,NONHSAG036095,NONHSAG036095
NONHSAG036236,ACPL2,NONHSAG036236
NONHSAG036303,NONHSAG036303,NONHSAG036303
NONHSAG036581,NONHSAG036581,NONHSAG036581
NONHSAG036738,NONHSAG036738,NONHSAG036738
NONHSAG037069,NONHSAG037069,NONHSAG037069
NONHSAG037163,NONHSAG037163,NONHSAG037163
NONHSAG037843,NONHSAG037843,NONHSAG037843
NONHSAG038205,AREGB,NONHSAG038205
NONHSAG039485,NONHSAG039485,NONHSAG039485
NONHSAG039787,NONHSAG039787,NONHSAG039787
NONHSAG040015,NONHSAG040015,NONHSAG040015
NONHSAG040087,NONHSAG040087,NONHSAG040087
NONHSAG040232,RP11-122C5.1,NONHSAG040232
NONHSAG040292,NONHSAG040292,NONHSAG040292
NONHSAG040300,NONHSAG040300,NONHSAG040300
NONHSAG040691,NONHSAG040691,NONHSAG040691
NONHSAG041030,NONHSAG041030,NONHSAG041030
NONHSAG041079,NONHSAG041079,NONHSAG041079
NONHSAG041772,NONHSAG041772,NONHSAG041772
NONHSAG041941,NONHSAG041941,NONHSAG041941
NONHSAG042383,NONHSAG042383,NONHSAG042383
NONHSAG042586,NONHSAG042586,NONHSAG042586
NONHSAG042587,NONHSAG042587,NONHSAG042587
NONHSAG043070,NONHSAG043070,NONHSAG043070
NONHSAG043459,NONHSAG043459,NONHSAG043459
NONHSAG043765,NONHSAG043765,NONHSAG043765
NONHSAG044155,NONHSAG044155,NONHSAG044155
NONHSAG044239,NONHSAG044239,NONHSAG044239
NONHSAG044480,NONHSAG044480,NONHSAG044480
NONHSAG045066,NONHSAG045066,NONHSAG045066
NONHSAG047263,NONHSAG047263,NONHSAG047263
NONHSAG047788,NONHSAG047788,NONHSAG047788
NONHSAG049331,NONHSAG049331,NONHSAG049331
NONHSAG049389,NONHSAG049389,NONHSAG049389
NONHSAG049471,NONHSAG049471,NONHSAG049471
NONHSAG049784,RN7SL651P,NONHSAG049784
NONHSAG050229,NONHSAG050229,NONHSAG050229
NONHSAG050450,NONHSAG050450,NONHSAG050450
NONHSAG050530,NONHSAG050530,NONHSAG050530
NONHSAG051634,NONHSAG051634,NONHSAG051634
NONHSAG051663,NONHSAG051663,NONHSAG051663
NONHSAG052018,NONHSAG052018,NONHSAG052018
NONHSAG052233,VN2R5P,NONHSAG052233
NONHSAG052246,RP11-95K23.6,NONHSAG052246
NONHSAG052247,RP11-95K23.5,NONHSAG052247
NONHSAG052249,RP11-95K23.3,NONHSAG052249
NONHSAG052285,AC129778.7,NONHSAG052285
NONHSAG052352,RP11-436G20.1,NONHSAG052352
NONHSAG052366,RP11-34H11.5,NONHSAG052366
NONHSAG052391,AL953854.2,NONHSAG052391
NONHSAG052400,NONHSAG052400,NONHSAG052400
NONHSAG052432,RP11-38P6.1,NONHSAG052432
NONHSAG052456,NONHSAG052456,NONHSAG052456
NONHSAG052477,RP11-15J10.3,NONHSAG052477
NONHSAG052679,NONHSAG052679,NONHSAG052679
NONHSAG053147,NONHSAG053147,NONHSAG053147
NONHSAG053440,NONHSAG053440,NONHSAG053440
NONHSAG053588,NONHSAG053588,NONHSAG053588
NONHSAG054041,NONHSAG054041,NONHSAG054041
NONHSAG054093,NONHSAG054093,NONHSAG054093
NONHSAG054513,XAGE1C,NONHSAG054513
NONHSAG054515,XAGE1D,NONHSAG054515
NONHSAG054516,XAGE1E,NONHSAG054516
NONHSAG054868,NONHSAG054868,NONHSAG054868
NONHSAG054979,RP4-545K15.3,NONHSAG054979
NONHSAG055364,NONHSAG055364,NONHSAG055364
NONHSAG056020,NONHSAG056020,NONHSAG056020
NONHSAG056024,NONHSAG056024,NONHSAG056024
NONHSAG056026,NONHSAG056026,NONHSAG056026
NONHSAG056033,NONHSAG056033,NONHSAG056033
NONHSAG056036,NONHSAG056036,NONHSAG056036
NONHSAG001292,NONHSAG001292,NONHSAG001292
NONHSAG001364,NONHSAG001364,NONHSAG001364
NONHSAG001822,NONHSAG001822,NONHSAG001822
NONHSAG004060,NONHSAG004060,NONHSAG004060
NONHSAG004142,NONHSAG004142,NONHSAG004142
NONHSAG004537,NONHSAG004537,NONHSAG004537
NONHSAG005015,NONHSAG005015,NONHSAG005015
NONHSAG005991,NONHSAG005991,NONHSAG005991
NONHSAG006098,NONHSAG006098,NONHSAG006098
NONHSAG006647,NONHSAG006646,NONHSAG006647
NONHSAG007514,NONHSAG007514,NONHSAG007514
NONHSAG008457,NONHSAG008456,NONHSAG008457
NONHSAG008764,NONHSAG008764,NONHSAG008764
NONHSAG009007,NONHSAG009007,NONHSAG009007
NONHSAG009060,NONHSAG009060,NONHSAG009060
NONHSAG011045,RP11-370I10.8,NONHSAG011045
NONHSAG013865,RP11-521J24.1,NONHSAG013865
NONHSAG014458,CTD-2555K7.4,NONHSAG014458
NONHSAG015539,NONHSAG015539,NONHSAG015539
NONHSAG015700,NONHSAG015700,NONHSAG015700
NONHSAG016305,NONHSAG016305,NONHSAG016305
NONHSAG017240,RP11-342M21.1,NONHSAG017240
NONHSAG018003,NONHSAG018003,NONHSAG018003
NONHSAG018033,NONHSAG018033,NONHSAG018033
NONHSAG018037,NONHSAG018037,NONHSAG018037
NONHSAG018049,NONHSAG018049,NONHSAG018049
NONHSAG018303,NONHSAG018303,NONHSAG018303
NONHSAG018604,NONHSAG018604,NONHSAG018604
NONHSAG019985,NONHSAG019985,NONHSAG019985
NONHSAG020185,CTC-786C10.2,NONHSAG020185
NONHSAG020187,NONHSAG020187,NONHSAG020187
NONHSAG020219,NONHSAG020219,NONHSAG020219
NONHSAG021489,NONHSAG021489,NONHSAG021489
NONHSAG021902,NONHSAG021902,NONHSAG021902
NONHSAG022999,RP11-1055B8.7,NONHSAG022999
NONHSAG023882,NONHSAG023882,NONHSAG023882
NONHSAG025084,NONHSAG025084,NONHSAG025084
NONHSAG027128,NONHSAG027128,NONHSAG027128
NONHSAG028313,NONHSAG028313,NONHSAG028313
NONHSAG028869,NONHSAG028869,NONHSAG028869
NONHSAG029142,NONHSAG029142,NONHSAG029142
NONHSAG030073,NONHSAG030073,NONHSAG030073
NONHSAG030104,NONHSAG030104,NONHSAG030104
NONHSAG030765,NONHSAG030765,NONHSAG030765
NONHSAG031256,NONHSAG031256,NONHSAG031256
NONHSAG032850,AP001044.2,NONHSAG032850
NONHSAG032971,NONHSAG032971,NONHSAG032971
NONHSAG033015,NONHSAG033015,NONHSAG033015
NONHSAG033278,42252,NONHSAG033278
NONHSAG034045,NONHSAG034045,NONHSAG034045
NONHSAG034232,NONHSAG034232,NONHSAG034232
NONHSAG034477,NONHSAG034477,NONHSAG034477
NONHSAG034923,NONHSAG034923,NONHSAG034923
NONHSAG035545,NONHSAG035545,NONHSAG035545
NONHSAG035616,NONHSAG035616,NONHSAG035616
NONHSAG035666,NONHSAG035666,NONHSAG035666
NONHSAG035966,NONHSAG035966,NONHSAG035966
NONHSAG036380,NONHSAG036380,NONHSAG036380
NONHSAG036805,NONHSAG036805,NONHSAG036805
NONHSAG037228,NONHSAG037228,NONHSAG037228
NONHSAG037484,NONHSAG037484,NONHSAG037484
NONHSAG037567,NONHSAG037567,NONHSAG037567
NONHSAG038407,NONHSAG038407,NONHSAG038407
NONHSAG039595,NONHSAG039595,NONHSAG039595
NONHSAG040384,NONHSAG040384,NONHSAG040384
NONHSAG040578,NONHSAG040578,NONHSAG040578
NONHSAG040591,NONHSAG040591,NONHSAG040591
NONHSAG040812,NONHSAG040812,NONHSAG040812
NONHSAG041015,NONHSAG041015,NONHSAG041015
NONHSAG041719,NONHSAG041719,NONHSAG041719
NONHSAG041755,NONHSAG041755,NONHSAG041755
NONHSAG043158,NONHSAG043158,NONHSAG043158
NONHSAG047095,NONHSAG047095,NONHSAG047095
NONHSAG047844,NONHSAG047844,NONHSAG047844
NONHSAG048257,NONHSAG048257,NONHSAG048257
NONHSAG048281,AC004967.11,NONHSAG048281
NONHSAG048662,NONHSAG048662,NONHSAG048662
NONHSAG049110,NONHSAG049110,NONHSAG049110
NONHSAG049355,NONHSAG049355,NONHSAG049355
NONHSAG049360,NONHSAG049360,NONHSAG049360
NONHSAG049395,NONHSAG049395,NONHSAG049395
NONHSAG049576,NONHSAG049576,NONHSAG049576
NONHSAG050210,NONHSAG050210,NONHSAG050210
NONHSAG050719,NONHSAG050719,NONHSAG050719
NONHSAG050923,NONHSAG050923,NONHSAG050923
NONHSAG051123,RP11-99I9.2,NONHSAG051123
NONHSAG051665,NONHSAG051665,NONHSAG051665
NONHSAG051775,RP11-87N24.2,NONHSAG051775
NONHSAG052135,NONHSAG052135,NONHSAG052135
NONHSAG052231,VN2R4P,NONHSAG052231
NONHSAG052468,RP11-250H24.4,NONHSAG052468
NONHSAG053225,RP11-408O19.3,NONHSAG053225
NONHSAG053723,NONHSAG053723,NONHSAG053723
NONHSAG054043,NONHSAG054043,NONHSAG054043
NONHSAG056030,NONHSAG056030,NONHSAG056030
-,RP4-739H11.4,-
-,RP11-119F19.2,-
-,RP11-701H24.10,-
-,CTD-2235H24.2,-
-,RP11-304L19.5,-
-,AC009133.20,-
-,RP11-498D10.5,-
-,RP11-68I3.2,-
-,AC004410.3,-
-,RP11-711M9.1,-
-,PLK1S1,-
-,RP5-977B1.11,-
-,RP11-732M18.3,-
-,RP11-611L7.1,-
-,RP11-133O22.6,-
-,RP11-220I1.1,-
-,RP11-32B11.2,-
-,RP11-495P10.2,-
-,RP11-592B15.3,-
-,RP11-574K11.28,-
-,RP11-466C23.4,-
-,RP11-216P16.2,-
-,CTD-2350C19.1,-
-,RP3-511B24.6,-
-,RP11-258C19.5,-
-,RP6-42F4.1,-
-,RP11-122G18.5,-
-,RP11-504P24.6,-
-,RP11-192P3.5,-
-,RP11-698N11.4,-
-,RP11-29B2.5,-
-,RP11-316E14.6,-
-,RP11-2C24.6,-
-,RP11-407G23.3,-
-,RP11-252A24.7,-
-,CTC-297N7.8,-
-,RP5-837J1.2,-
-,CTD-2267D19.6,-
-,AC004257.3,-
-,RP1-63M2.6,-
-,RP11-271K21.11,-
-,RP1-90J20.12,-
-,RP11-457M11.2,-
-,RP11-682N22.1,-
-,RP11-395P17.11,-
-,RP11-38J22.6,-
-,RP11-293G6__A.2,-
-,RP11-665N17.4,-
-,CTD-2555K7.4,-
-,RP11-73M18.9,-
-,RP11-797A18.4,-
-,RP11-498D10.6,-
-,AC005943.4,-
-,AC005041.17,-
-,RP11-2E17.1,-
-,LLfos-48D6.1,-
-,CTB-25B13.13,-
-,RP11-139H15.1,-
-,RP11-137H2.6,-
-,RP11-571M6.8,-
-,RP11-312O7.2,-
-,RP11-282O18.6,-
-,RP5-991G20.4,-
-,MEIS1-AS1,-
-,AC017099.3,-
-,DLX6-AS2,-
-,RP11-640M9.1,-
-,RP11-529H20.5,-
-,CTC-507E2.1,-
-,CTB-25B13.6,-
-,CTB-25J19.9,-
-,RP1-3J17.3,-
-,RP11-166O4.5,-
-,RP11-49C24.1,-
-,CTB-60E11.4,-
-,RP11-529H20.6,-
-,RP11-622K12.1,-
-,RP1-12G14.6,-
-,RP11-24B19.4,-
-,AC005559.2,-
-,RP11-286H14.6,-
-,RP11-196G18.21,-
-,RP11-343N15.5,-
-,RP11-432J9.5,-
-,RP11-353N4.8,-
-,RP11-661A12.14,-
-,RP11-115K3.1,-
-,RP11-24B19.3,-
-,AC138655.6,-
-,CTA-357J21.1,-
-,RP11-353N4.4,-
-,RP6-74O6.3,-
-,RP11-245C23.3,-
-,CTD-3185P2.2,-
-,RP11-122G18.8,-
-,RP11-744K17.9,-
-,RP11-435B5.5,-
-,XXyac-YX155B6.6,-
-,LLNLR-299G3.1,-
-,CTD-2105E13.13,-
-,CTC-228N24.1,-
-,RP3-434O14.8,-
-,RP11-382A18.2,-
-,RP11-909M7.3,-
-,XX-CR54.3,-
-,RP11-439A17.7,-
-,AC131025.8,-
-,RP11-466A17.1,-
-,CTD-2311B13.7,-
-,RP11-353B9.1,-
-,RP11-439L8.4,-
-,XXbac-B33L19.3,-
-,RP11-294O2.2,-
-,RP6-206I17.1,-
-,RP6-206I17.2,-
-,RP11-158I9.7,-
-,AC004019.18,-
-,RP11-417J8.6,-
-,RP11-592B15.9,-
-,RP11-867G2.2,-
-,RP11-566K19.3,-
-,RP11-23P13.7,-
-,RP11-139K4.1,-
-,RP11-782C8.1,-
-,RP11-782C8.2,-
-,LINC00617,-
-,RP11-458N5.1,-
-,Z83307.3,-
-,RP1-288H2.4,-
-,RP6-206I17.3,-
-,RP11-355I22.7,-
-,RP11-324E6.9,-
-,RP11-318L16.6,-
-,AC005943.5,-
-,RP11-509E16.1,-
-,RP11-58B17.2,-
-,RP11-431I8.1,-
-,RP4-794H19.4,-
-,RP11-782C8.5,-
-,RP11-435B5.3,-
-,RP11-435B5.6,-
-,RP11-435B5.7,-
-,WI2-925H4.1,-
-,RP11-666A1.5,-
-,RP11-277L2.3,-
-,RP11-277L2.5,-
-,RP11-353N4.1,-
-,RP11-361K17.2,-
-,RP11-488L4.1,-
-,RP11-544D21.1,-
-,RP11-292F22.5,-
-,RP11-292F22.7,-
-,RP11-301J7.8,-
-,RP11-508M1.7,-
-,RP11-709B3.2,-
-,RP11-358L4.1,-
-,RP13-608F4.8,-
-,RP11-697E2.4,-
-,CTD-2116F7.1,-
-,AC016626.2,-
-,AC020601.1,-
-,AC010090.1,-
-,RP11-572C15.6,-
-,RP11-393M11.2,-
-,RP11-366M4.3,-
-,RP11-122C5.1,-
-,RP11-436H11.6,-
-,RP11-95H8.5,-
-,RP11-95K23.6,-
-,RP11-95K23.5,-
-,RP11-95K23.3,-
-,RP11-327I22.4,-
-,RP11-327I22.8,-
-,RP11-187C18.2,-
-,RP11-292F9.2,-
-,RP6-33F8.1,-
-,GHc-362H12.3,-
-,RP11-342C24.8,-
-,RP11-380L11.3,-
-,RP11-347K2.2,-
-,FAM25D,-
-,AC012531.23,-
-,RP11-928F19.5,-
-,RP11-358M11.3,-
-,RP1-62O9.3,-
-,RP11-84E24.2,-
-,AC096579.7,-
-,AC073321.3,-
-,RP11-648F7.1,-
-,AP001044.2,-
-,KB-226F1.1,-
-,RP11-727M10.2,-
-,RP11-38P6.1,-
-,U82670.4,-
-,RP11-4F5.2,-
-,RP11-461F11.1,-
-,RP11-408H20.1,-
-,CTD-2086O20.3,-
-,RP11-347K2.1,-
-,pncRNA-D,-
-,GALNT5 uaRNA,-
NONMMUG012710,91H,NONMMUG012710
-,LOC554202,-
NONMMUG017913,LincRNA-p21,NONMMUG017913
-,lncSHRG,-
-,CARLo-5,-
-,MANTIS,-
-,LINC00673,-
-,AK093407,-
-,lnc-IL7R,-
-,HANR,-
-,Blnc1,-
-,TROJAN,-
-,lnc-SLA4A1-1,-
-,pancEts-1,-
-,AK022198,-
-,HOXB13-AS1,-
-,LOC283070,-
ENSG00000215394,-,ENSG00000215394
ENSG00000227310,-,ENSG00000227310
ENSG00000228865,-,ENSG00000228865
ENSG00000231757,-,ENSG00000231757
ENSG00000232336,-,ENSG00000232336
ENSG00000233022,-,ENSG00000233022
ENSG00000233798,-,ENSG00000233798
ENSG00000267330,-,ENSG00000267330
ENSG00000234978,-,ENSG00000234978
ENSG00000185044,-,ENSG00000185044
ENSG00000231242,-,ENSG00000231242
ENSG00000226044,-,ENSG00000226044
ENSG00000272675,-,ENSG00000272675
ENSG00000223579,-,ENSG00000223579
ENSG00000234007,-,ENSG00000234007
ENSG00000240907,-,ENSG00000240907
ENSG00000184324,-,ENSG00000184324
ENSG00000197463,-,ENSG00000197463
ENSG00000233244,-,ENSG00000233244
ENSG00000214986,-,ENSG00000214986
ENSG00000229746,-,ENSG00000229746
ENSG00000260831,-,ENSG00000260831
ENSG00000272955,-,ENSG00000272955
ENSG00000223477,-,ENSG00000223477
ENSG00000273116,-,ENSG00000273116
ENSG00000232116,-,ENSG00000232116
ENSG00000235037,-,ENSG00000235037
ENSG00000233368,-,ENSG00000233368
ENSG00000269614,-,ENSG00000269614
ENSG00000226667,-,ENSG00000226667
ENSG00000225353,-,ENSG00000225353
ENSG00000231481,-,ENSG00000231481
ENSG00000243533,-,ENSG00000243533
ENSG00000269942,-,ENSG00000269942
ENSG00000270119,-,ENSG00000270119
ENSG00000229874,-,ENSG00000229874
ENSG00000237587,-,ENSG00000237587
ENSG00000224303,-,ENSG00000224303
ENSG00000236322,-,ENSG00000236322
ENSG00000269996,-,ENSG00000269996
ENSG00000232753,-,ENSG00000232753
ENSG00000234037,-,ENSG00000234037
ENSG00000229801,-,ENSG00000229801
ENSG00000223759,-,ENSG00000223759
ENSG00000232151,-,ENSG00000232151
ENSG00000223408,-,ENSG00000223408
ENSG00000225946,-,ENSG00000225946
ENSG00000235999,-,ENSG00000235999
ENSG00000230880,-,ENSG00000230880
ENSG00000203849,-,ENSG00000203849
ENSG00000242569,-,ENSG00000242569
ENSG00000238261,-,ENSG00000238261
ENSG00000226897,-,ENSG00000226897
ENSG00000236933,-,ENSG00000236933
ENSG00000261337,-,ENSG00000261337
ENSG00000263320,-,ENSG00000263320
ENSG00000237543,-,ENSG00000237543
ENSG00000244393,-,ENSG00000244393
ENSG00000272225,-,ENSG00000272225
ENSG00000236943,-,ENSG00000236943
ENSG00000258395,-,ENSG00000258395
ENSG00000237253,-,ENSG00000237253
ENSG00000248760,-,ENSG00000248760
ENSG00000230850,-,ENSG00000230850
ENSG00000232274,-,ENSG00000232274
ENSG00000237291,-,ENSG00000237291
ENSG00000225278,-,ENSG00000225278
ENSG00000223781,-,ENSG00000223781
ENSG00000259206,-,ENSG00000259206
ENSG00000231734,-,ENSG00000231734
ENSG00000226637,-,ENSG00000226637
ENSG00000273131,-,ENSG00000273131
ENSG00000235702,-,ENSG00000235702
ENSG00000188424,-,ENSG00000188424
ENSG00000226335,-,ENSG00000226335
-,LncRNA-HGBC,-
-,PSTAR,-
-,Lnc-UCID,-
-,LNBC3,-
-,lncRNA ATB,-
-,Lnc10,-
-,uc.48+,-
-,AV310809,-
-,Ptn-dt,-
-,LncRNA625,-
-,TETILA,-
-,Ahit,-
-,Uc.291,-
-,CAAlnc1,-
NONHSAG005965,lncRNA-CCHE1,NONHSAG005965
-,lnc‐ATB,-
-,RBAT1,-
-,HUPCOS,-
-,LCTS5,-
-,Lnc13,-
NONHSAG015923,MEG3-210,NONHSAG015923
-,TYKRIL,-
-,ERINA,-
-,ROA,-
-,NR038975,-
-,Lnc-GD2H,-
-,TCONS_00145741,-
-,PHAROH,-
-,LEISA,-
-,lincRNA00892,-
-,OLBC15,-
NONHSAG051899,CDKN2BAS,NONHSAG051899
-,SNGH7,-
-,TCLlnc1,-
-,SPOCD1-AS,-
NONHSAG044611,βFaar,NONHSAG044611
-,LncCCLM,-
-,lnc00492,-
-,AC020978,-
-,AL355338,-
-,lnc-CTSLP4,-
-,PAARH,-
